transaction_id,amount,category,hour,location,z_score,z_anomaly,iqr_anomaly,isolation_prediction,isolation_anomaly,lof_prediction,lof_anomaly,risk_score,time_anomaly,risk_level,explanation
1,1448.3570765056163,Bills,17,Mumbai,0.48825834348567365,False,False,1,False,1,False,0,False,Low,No major unusual behaviour detected
2,1130.8678494144076,Food,11,Bangalore,-0.16585765947482148,False,False,1,False,1,False,0,False,Low,No major unusual behaviour detected
3,1523.8442690503462,Travel,17,Bangalore,0.6437829296722871,False,False,1,False,1,False,0,False,Low,No major unusual behaviour detected
4,1961.5149282040127,Entertainment,18,Hyderabad,1.5455060678134014,False,False,1,False,1,False,0,False,Low,No major unusual behaviour detected
5,1082.923312638332,Travel,16,Delhi,-0.2646367237192582,False,False,1,False,1,False,0,False,Low,No major unusual behaviour detected
6,1082.9315215254096,Travel,14,Delhi,-0.26461981113153615,False,False,1,False,1,False,0,False,Low,No major unusual behaviour detected
7,1989.6064077536957,Food,15,Hyderabad,1.603382319201945,False,False,1,False,1,False,0,False,Low,No major unusual behaviour detected
8,1583.7173645764544,Food,10,Mumbai,0.7671381385693713,False,False,1,False,1,False,0,False,Low,No major unusual behaviour detected
9,965.2628070325239,Food,11,Bangalore,-0.507050050112446,False,False,1,False,1,False,0,False,Low,No major unusual behaviour detected
10,1471.2800217929823,Shopping,14,Bangalore,0.5354859785296382,False,False,1,False,1,False,0,False,Low,No major unusual behaviour detected
11,968.2911535937689,Bills,15,Bangalore,-0.500810814953605,False,False,1,False,1,False,0,False,Low,No major unusual behaviour detected
12,967.1351232148716,Shopping,21,Mumbai,-0.5031925586671578,False,False,1,False,1,False,0,False,Low,No major unusual behaviour detected
13,1320.981135783017,Bills,21,Bangalore,0.22582852190667635,False,False,1,False,1,False,0,False,Low,No major unusual behaviour detected
14,243.359877671101,Bills,22,Bangalore,-1.9943706216029238,False,False,-1,True,1,False,20,False,Low,Isolation Forest detected unusual behaviour
15,337.54108374348357,Travel,20,Hyderabad,-1.800331174549914,False,False,1,False,-1,True,20,False,Low,Transaction differs from nearby spending patterns
16,918.8562353795137,Travel,14,Mumbai,-0.6026604789729073,False,False,1,False,1,False,0,False,Low,No major unusual behaviour detected
17,693.5844398327881,Bills,16,Delhi,-1.0667829559236794,False,False,1,False,1,False,0,False,Low,No major unusual behaviour detected
18,1357.1236662976369,Bills,12,Hyderabad,0.3002921747798782,False,False,1,False,1,False,0,False,Low,No major unusual behaviour detected
19,745.9879622393946,Shopping,18,Hyderabad,-0.958817142621256,False,False,1,False,1,False,0,False,Low,No major unusual behaviour detected
20,493.8481493323543,Shopping,8,Delhi,-1.4782951989856044,False,False,1,False,1,False,0,False,Low,No major unusual behaviour detected
21,1932.8243844607769,Travel,13,Hyderabad,1.486395577772436,False,False,1,False,1,False,0,False,Low,No major unusual behaviour detected
22,1087.1118497567322,Food,22,Mumbai,-0.25600717372399945,False,False,1,False,1,False,0,False,Low,No major unusual behaviour detected
23,1233.764102343962,Bills,9,Bangalore,0.04613720505189335,False,False,1,False,1,False,0,False,Low,No major unusual behaviour detected
24,487.6259068932716,Shopping,19,Mumbai,-1.4911147468833184,False,False,1,False,1,False,0,False,Low,No major unusual behaviour detected
25,927.8086377374086,Travel,9,Delhi,-0.5842160432328624,False,False,1,False,1,False,0,False,Low,No major unusual behaviour detected
26,1255.461294854933,Shopping,17,Delhi,0.09083944887531457,False,False,1,False,1,False,0,False,Low,No major unusual behaviour detected
27,624.5032112888485,Bills,14,Hyderabad,-1.2091094767595527,False,False,1,False,1,False,0,False,Low,No major unusual behaviour detected
28,1387.849009172836,Bills,12,Mumbai,0.36359491627838664,False,False,1,False,1,False,0,False,Low,No major unusual behaviour detected
29,899.6806550405975,Entertainment,7,Mumbai,-0.6421675012446784,False,False,1,False,1,False,0,False,Low,No major unusual behaviour detected
30,1054.1531251033616,Food,7,Delhi,-0.3239113020954004,False,False,1,False,1,False,0,False,Low,No major unusual behaviour detected
31,899.1466938853016,Entertainment,14,Mumbai,-0.6432676095533547,False,False,1,False,1,False,0,False,Low,No major unusual behaviour detected
32,2126.139092254469,Travel,11,Delhi,1.8846775766106487,False,False,1,False,1,False,0,False,Low,No major unusual behaviour detected
33,1193.2513876310331,Shopping,22,Mumbai,-0.03733024126081837,False,False,1,False,1,False,0,False,Low,No major unusual behaviour detected
34,671.1445355220499,Travel,17,Mumbai,-1.1130153923721116,False,False,1,False,1,False,0,False,Low,No major unusual behaviour detected
35,1611.2724560515944,Bills,11,Mumbai,0.8239092815214166,False,False,1,False,1,False,0,False,Low,No major unusual behaviour detected
36,589.5781750144889,Entertainment,10,Delhi,-1.2810647532907828,False,False,1,False,1,False,0,False,Low,No major unusual behaviour detected
37,1304.4317975023778,Entertainment,12,Hyderabad,0.19173228781725027,False,False,1,False,1,False,0,False,Low,No major unusual behaviour detected
38,220.16493806011226,Entertainment,20,Mumbai,-2.0421586405107,False,False,-1,True,1,False,20,False,Low,Isolation Forest detected unusual behaviour
39,535.9069755507848,Travel,15,Delhi,-1.3916423334781194,False,False,1,False,1,False,0,False,Low,No major unusual behaviour detected
40,1298.4306179345617,Bills,18,Delhi,0.17936819084327543,False,False,1,False,1,False,0,False,Low,No major unusual behaviour detected
41,1569.2332899977052,Shopping,17,Mumbai,0.7372969214142728,False,False,1,False,1,False,0,False,Low,No major unusual behaviour detected
42,1285.6841405949854,Shopping,20,Mumbai,0.15310690668702606,False,False,1,False,1,False,0,False,Low,No major unusual behaviour detected
43,1142.1758588058797,Travel,22,Hyderabad,-0.14256001888286368,False,False,1,False,1,False,0,False,Low,No major unusual behaviour detected
44,1049.4481522053557,Entertainment,7,Delhi,-0.3336048532570497,False,False,1,False,1,False,0,False,Low,No major unusual behaviour detected
45,460.7390048162863,Food,19,Delhi,-1.5465092340592104,False,False,1,False,1,False,0,False,Low,No major unusual behaviour detected
46,840.0778958026457,Travel,19,Bangalore,-0.7649657422915958,False,False,1,False,1,False,0,False,Low,No major unusual behaviour detected
47,969.6806145201062,Travel,8,Delhi,-0.4979481394677861,False,False,1,False,1,False,0,False,Low,No major unusual behaviour detected
48,1728.561113109458,Bills,10,Hyderabad,1.0655564966102409,False,False,1,False,1,False,0,False,Low,No major unusual behaviour detected
49,1371.8091447842307,Shopping,12,Bangalore,0.3305483399330142,False,False,1,False,1,False,0,False,Low,No major unusual behaviour detected
50,318.47992231863304,Travel,11,Bangalore,-1.8396024620743443,False,False,1,False,1,False,0,False,Low,No major unusual behaviour detected
51,1362.0419846973975,Travel,9,Bangalore,0.3104252769402683,False,False,1,False,1,False,0,False,Low,No major unusual behaviour detected
52,1007.4588597918417,Entertainment,7,Mumbai,-0.4201144598106501,False,False,1,False,1,False,0,False,Low,No major unusual behaviour detected
53,861.5389998470207,Entertainment,10,Mumbai,-0.7207499062922437,False,False,1,False,1,False,0,False,Low,No major unusual behaviour detected
54,1505.838144420434,Food,8,Delhi,0.6066853110235036,False,False,1,False,1,False,0,False,Low,No major unusual behaviour detected
55,1715.4997612479756,Bills,11,Bangalore,1.0386464834700502,False,False,1,False,1,False,0,False,Low,No major unusual behaviour detected
56,1665.6400595580992,Food,9,Hyderabad,0.9359216474906071,False,False,1,False,1,False,0,False,Low,No major unusual behaviour detected
57,780.3912383886807,Entertainment,15,Mumbai,-0.8879368368871272,False,False,1,False,1,False,0,False,Low,No major unusual behaviour detected
58,1045.3938120743928,Shopping,12,Hyderabad,-0.3419579201796822,False,False,1,False,1,False,0,False,Low,No major unusual behaviour detected
59,1365.631715701782,Entertainment,12,Hyderabad,0.3178211199986432,False,False,1,False,1,False,0,False,Low,No major unusual behaviour detected
60,1687.7725635611796,Bills,18,Mumbai,0.9815207539127064,False,False,1,False,1,False,0,False,Low,No major unusual behaviour detected
61,960.412881077355,Entertainment,17,Mumbai,-0.5170422448382787,False,False,1,False,1,False,0,False,Low,No major unusual behaviour detected
62,1107.1705116680914,Bills,8,Mumbai,-0.214680758102266,False,False,1,False,-1,True,20,False,Low,Transaction differs from nearby spending patterns
63,646.8325129969859,Bills,21,Mumbai,-1.163104912396713,False,False,1,False,1,False,0,False,Low,No major unusual behaviour detected
64,601.8966879596646,Bills,18,Bangalore,-1.2556851946709857,False,False,1,False,1,False,0,False,Low,No major unusual behaviour detected
65,1606.2629111970991,Bills,18,Bangalore,0.813588227522528,False,False,1,False,1,False,0,False,Low,No major unusual behaviour detected
66,1878.1200142854113,Bills,15,Bangalore,1.3736893789151703,False,False,1,False,1,False,0,False,Low,No major unusual behaviour detected
67,1163.994939209833,Shopping,8,Bangalore,-0.09760665214072999,False,False,1,False,1,False,0,False,Low,No major unusual behaviour detected
68,1701.7664489460121,Food,9,Delhi,1.010352045158958,False,False,1,False,1,False,0,False,Low,No major unusual behaviour detected
69,1380.818012523817,Travel,18,Bangalore,0.34910911004482986,False,False,1,False,1,False,0,False,Low,No major unusual behaviour detected
70,877.4401226974378,Food,22,Mumbai,-0.6879891760564724,False,False,1,False,1,False,0,False,Low,No major unusual behaviour detected
71,1380.697802754207,Bills,7,Hyderabad,0.34886144452642937,False,False,1,False,1,False,0,False,Low,No major unusual behaviour detected
72,1969.0182832329847,Shopping,9,Bangalore,1.560965063525828,False,False,1,False,1,False,0,False,Low,No major unusual behaviour detected
73,1182.0869804450242,Entertainment,8,Delhi,-0.06033202141834676,False,False,1,False,1,False,0,False,Low,No major unusual behaviour detected
74,1982.3218279070031,Shopping,15,Mumbai,1.5883740611384476,False,False,1,False,1,False,0,False,Low,No major unusual behaviour detected
75,109.87255204487224,Bills,21,Hyderabad,-2.2693915937615494,False,False,-1,True,-1,True,40,False,Medium,Isolation Forest detected unusual behaviour; Transaction differs from nearby spending patterns
76,1610.951252187612,Shopping,17,Hyderabad,0.8232475123345733,False,False,1,False,1,False,0,False,Low,No major unusual behaviour detected
77,1243.5235341190855,Shopping,22,Bangalore,0.06624434557567425,False,False,1,False,1,False,0,False,Low,No major unusual behaviour detected
78,1050.4963247670662,Bills,23,Hyderabad,-0.3314453266086636,False,False,1,False,1,False,0,False,Low,No major unusual behaviour detected
79,1245.8803882677512,Shopping,11,Bangalore,0.07110011983110483,False,False,1,False,1,False,0,False,Low,No major unusual behaviour detected
80,206.21554269955357,Travel,18,Bangalore,-2.070898269948089,False,False,-1,True,1,False,20,False,Low,Isolation Forest detected unusual behaviour
81,1090.164056081244,Travel,17,Mumbai,-0.2497187808248385,False,False,1,False,1,False,0,False,Low,No major unusual behaviour detected
82,1378.5562857558732,Shopping,21,Mumbai,0.3444493246190674,False,False,1,False,1,False,0,False,Low,No major unusual behaviour detected
83,1938.947022370758,Entertainment,9,Delhi,1.4990099126711152,False,False,1,False,1,False,0,False,Low,No major unusual behaviour detected
84,940.8648908631762,Bills,7,Mumbai,-0.5573165349046187,False,False,1,False,1,False,0,False,Low,No major unusual behaviour detected
85,795.7531985534063,Travel,22,Mumbai,-0.8562869315575775,False,False,1,False,1,False,0,False,Low,No major unusual behaviour detected
86,949.1214782077318,Entertainment,8,Bangalore,-0.5403056713821114,False,False,1,False,1,False,0,False,Low,No major unusual behaviour detected
87,1657.701058851037,Shopping,8,Mumbai,0.9195651006635484,False,False,1,False,1,False,0,False,Low,No major unusual behaviour detected
88,1364.3755548298423,Entertainment,9,Bangalore,0.31523307965423003,False,False,1,False,1,False,0,False,Low,No major unusual behaviour detected
89,935.1198981164806,Food,14,Bangalore,-0.5691528158610936,False,False,1,False,1,False,0,False,Low,No major unusual behaviour detected
90,1456.633716556678,Travel,21,Mumbai,0.5053105211540139,False,False,1,False,1,False,0,False,Low,No major unusual behaviour detected
91,1248.5387746740203,Shopping,13,Delhi,0.07657713429967351,False,False,1,False,1,False,0,False,Low,No major unusual behaviour detected
92,1684.3224952664445,Bills,12,Delhi,0.9744126548330344,False,False,1,False,1,False,0,False,Low,No major unusual behaviour detected
93,848.9734530613239,Shopping,15,Hyderabad,-0.7466384232469051,False,False,1,False,1,False,0,False,Low,No major unusual behaviour detected
94,1036.1689267011159,Bills,7,Hyderabad,-0.3609637466243167,False,False,1,False,1,False,0,False,Low,No major unusual behaviour detected
95,1003.9459234339212,Shopping,14,Mumbai,-0.427352084564568,False,False,1,False,1,False,0,False,Low,No major unusual behaviour detected
96,468.24252593394067,Entertainment,9,Delhi,-1.5310498961579602,False,False,1,False,1,False,0,False,Low,No major unusual behaviour detected
97,1348.060138532288,Entertainment,10,Bangalore,0.281618789831014,False,False,1,False,1,False,0,False,Low,No major unusual behaviour detected
98,1330.5276360899447,Entertainment,21,Hyderabad,0.24549696445586183,False,False,1,False,1,False,0,False,Low,No major unusual behaviour detected
99,1202.5567283212304,Food,12,Bangalore,-0.018158654513691194,False,False,1,False,1,False,0,False,Low,No major unusual behaviour detected
100,1082.7064333124265,Bills,21,Hyderabad,-0.2650835553774086,False,False,1,False,1,False,0,False,Low,No major unusual behaviour detected
101,492.31462897479287,Entertainment,9,Mumbai,-1.4814546769179324,False,False,1,False,1,False,0,False,Low,No major unusual behaviour detected
102,989.6773386173205,Food,20,Delhi,-0.45674933294886155,False,False,1,False,1,False,0,False,Low,No major unusual behaviour detected
103,1028.6427417366153,Bills,20,Hyderabad,-0.3764697783458471,False,False,1,False,1,False,0,False,Low,No major unusual behaviour detected
104,798.8613653891905,Shopping,10,Delhi,-0.8498832444599568,False,False,1,False,1,False,0,False,Low,No major unusual behaviour detected
105,1119.3571441669953,Food,18,Bangalore,-0.18957290983678313,False,False,1,False,1,False,0,False,Low,No major unusual behaviour detected
106,1402.0254284072691,Travel,23,Mumbai,0.39280227796079004,False,False,1,False,1,False,0,False,Low,No major unusual behaviour detected
107,2143.0929506052653,Food,13,Delhi,1.9196072344160002,False,False,1,False,1,False,0,False,Low,No major unusual behaviour detected
108,1287.2889064159194,Food,15,Mumbai,0.15641317006513888,False,False,1,False,1,False,0,False,Low,No major unusual behaviour detected
109,1328.7751953613822,Bills,9,Delhi,0.2418864497455054,False,False,1,False,1,False,0,False,Low,No major unusual behaviour detected
110,1162.7770421169164,Shopping,19,Bangalore,-0.10011585847108216,False,False,1,False,1,False,0,False,Low,No major unusual behaviour detected
111,240.6143923504793,Travel,21,Bangalore,-2.000027084030217,False,False,-1,True,1,False,20,False,Low,Isolation Forest detected unusual behaviour
112,1186.7430622753916,Entertainment,7,Mumbai,-0.050739199437454946,False,False,1,False,1,False,0,False,Low,No major unusual behaviour detected
113,1230.1151049705131,Entertainment,12,Bangalore,0.03861925680967489,False,False,1,False,1,False,0,False,Low,No major unusual behaviour detected
114,2431.621056242643,Food,8,Hyderabad,2.5140552820880755,False,False,-1,True,-1,True,40,False,Medium,Isolation Forest detected unusual behaviour; Transaction differs from nearby spending patterns
115,1103.8195176094387,Bills,20,Delhi,-0.2215847367338326,False,False,1,False,1,False,0,False,Low,No major unusual behaviour detected
116,1350.7736711668063,Bills,12,Bangalore,0.2872094208488156,False,False,1,False,1,False,0,False,Low,No major unusual behaviour detected
117,1182.6441151473784,Entertainment,20,Hyderabad,-0.059184169165363565,False,False,1,False,1,False,0,False,Low,No major unusual behaviour detected
118,615.660981190234,Travel,10,Mumbai,-1.2273269270407907,False,False,1,False,1,False,0,False,Low,No major unusual behaviour detected
119,1771.4114072575103,Shopping,14,Hyderabad,1.153840005914175,False,False,1,False,1,False,0,False,Low,No major unusual behaviour detected
120,1575.966516343387,Travel,9,Mumbai,0.7511692381055107,False,False,1,False,1,False,0,False,Low,No major unusual behaviour detected
121,1595.5159735215234,Shopping,20,Mumbai,0.7914465505251108,False,False,1,False,1,False,0,False,Low,No major unusual behaviour detected
122,745.3062726026305,Entertainment,23,Delhi,-0.9602216126391682,False,False,1,False,1,False,0,False,Low,No major unusual behaviour detected
123,1901.3971554680497,Shopping,14,Delhi,1.421646755895273,False,False,1,False,1,False,0,False,Low,No major unusual behaviour detected
124,499.0744686038596,Bills,20,Hyderabad,-1.4675275294700325,False,False,1,False,1,False,0,False,Low,No major unusual behaviour detected
125,1493.4285469001352,Food,12,Delhi,0.5811180928766203,False,False,1,False,1,False,0,False,Low,No major unusual behaviour detected
126,2295.227812904989,Food,22,Delhi,2.233047312210678,False,False,-1,True,-1,True,40,False,Medium,Isolation Forest detected unusual behaviour; Transaction differs from nearby spending patterns
127,704.7318374346557,Entertainment,20,Delhi,-1.0438162202345649,False,False,1,False,1,False,0,False,Low,No major unusual behaviour detected
128,916.851135198614,Bills,9,Hyderabad,-0.6067915423412046,False,False,1,False,1,False,0,False,Low,No major unusual behaviour detected
129,1249.8256825438207,Travel,16,Bangalore,0.07922852200087077,False,False,1,False,1,False,0,False,Low,No major unusual behaviour detected
130,948.2621729419004,Bills,15,Delhi,-0.5420760789356472,False,False,1,False,1,False,0,False,Low,No major unusual behaviour detected
131,424.66828446693364,Food,19,Delhi,-1.6208249380438564,False,False,1,False,1,False,0,False,Low,No major unusual behaviour detected
132,1234.2814874030137,Food,13,Hyderabad,0.04720316199764258,False,False,1,False,1,False,0,False,Low,No major unusual behaviour detected
133,668.8481431369476,Bills,20,Bangalore,-1.1177465985989625,False,False,1,False,1,False,0,False,Low,No major unusual behaviour detected
134,1436.7962153175908,Bills,15,Delhi,0.4644397579532585,False,False,1,False,1,False,0,False,Low,No major unusual behaviour detected
135,740.2878828830984,Food,21,Mumbai,-0.9705608895170428,False,False,1,False,1,False,0,False,Low,No major unusual behaviour detected
136,1974.9672025087698,Travel,20,Hyderabad,1.5732214897808623,False,False,1,False,1,False,0,False,Low,No major unusual behaviour detected
137,808.3733538318814,Entertainment,12,Delhi,-0.8302859059381303,False,False,1,False,1,False,0,False,Low,No major unusual behaviour detected
138,1038.9692418971622,Entertainment,10,Delhi,-0.3551943194224887,False,False,1,False,1,False,0,False,Low,No major unusual behaviour detected
139,1606.7586086848348,Bills,14,Mumbai,0.814609502046788,False,False,1,False,1,False,0,False,Low,No major unusual behaviour detected
140,584.5678417830223,Entertainment,23,Mumbai,-1.2913874315652352,False,False,1,False,1,False,0,False,Low,No major unusual behaviour detected
141,1313.7299673020648,Food,15,Hyderabad,0.21088910053792875,False,False,1,False,1,False,0,False,Low,No major unusual behaviour detected
142,1853.571377141214,Food,7,Hyderabad,1.323112367046113,False,False,1,False,1,False,0,False,Low,No major unusual behaviour detected
143,396.2583827193862,Bills,20,Mumbai,-1.6793572276143227,False,False,1,False,1,False,0,False,Low,No major unusual behaviour detected
144,1292.316929266152,Bills,17,Hyderabad,0.16677229386823847,False,False,1,False,1,False,0,False,Low,No major unusual behaviour detected
145,1329.9413971242118,Bills,9,Mumbai,0.24428914933546167,False,False,1,False,1,False,0,False,Low,No major unusual behaviour detected
146,1590.9114358886552,Travel,15,Delhi,0.7819599239095009,False,False,1,False,1,False,0,False,Low,No major unusual behaviour detected
147,581.524644560959,Entertainment,20,Mumbai,-1.2976572632107186,False,False,1,False,1,False,0,False,Low,No major unusual behaviour detected
148,539.7716934578618,Bills,15,Mumbai,-1.3836799410117417,False,False,1,False,1,False,0,False,Low,No major unusual behaviour detected
149,1460.9707828084488,Shopping,10,Bangalore,0.5142460824238395,False,False,1,False,1,False,0,False,Low,No major unusual behaviour detected
150,1348.492336616593,Shopping,10,Mumbai,0.2825092379447437,False,False,1,False,1,False,0,False,Low,No major unusual behaviour detected
151,1325.2464251729382,Food,14,Mumbai,0.23461620290223836,False,False,1,False,1,False,0,False,Low,No major unusual behaviour detected
152,1373.224104748488,Entertainment,8,Bangalore,0.3334635505203111,False,False,1,False,1,False,0,False,Low,No major unusual behaviour detected
153,859.9876392107547,Bills,15,Hyderabad,-0.7239461401545444,False,False,1,False,1,False,0,False,Low,No major unusual behaviour detected
154,1316.1268485805017,Shopping,20,Bangalore,0.21582734179980184,False,False,1,False,1,False,0,False,Low,No major unusual behaviour detected
155,1346.5362366493407,Entertainment,15,Delhi,0.27847912862830154,False,False,1,False,1,False,0,False,Low,No major unusual behaviour detected
156,842.8242909868161,Food,22,Bangalore,-0.7593074052926417,False,False,1,False,1,False,0,False,Low,No major unusual behaviour detected
157,2132.8872555723783,Travel,23,Delhi,1.8985806676140091,False,False,-1,True,1,False,20,False,Low,Isolation Forest detected unusual behaviour
158,1436.9164604558937,Entertainment,22,Hyderabad,0.4646874963409912,False,False,1,False,1,False,0,False,Low,No major unusual behaviour detected
159,604.3482513986756,Entertainment,18,Bangalore,-1.2506342929682035,False,False,1,False,1,False,0,False,Low,No major unusual behaviour detected
160,1528.2768043169149,Travel,9,Bangalore,0.6529151836328803,False,False,1,False,1,False,0,False,Low,No major unusual behaviour detected
161,712.6591648863393,Entertainment,17,Hyderabad,-1.027483723556293,False,False,1,False,1,False,0,False,Low,No major unusual behaviour detected
162,1593.542301871226,Food,20,Delhi,0.7873802386603683,False,False,1,False,1,False,0,False,Low,No major unusual behaviour detected
163,1779.297789503702,Food,11,Bangalore,1.1700881440949882,False,False,1,False,1,False,0,False,Low,No major unusual behaviour detected
164,789.6588408241448,Travel,22,Delhi,-0.8688430014280386,False,False,1,False,1,False,0,False,Low,No major unusual behaviour detected
165,1681.688064622161,Bills,11,Bangalore,0.9689849958888134,False,False,1,False,1,False,0,False,Low,No major unusual behaviour detected
166,1406.3904634682492,Shopping,9,Mumbai,0.4017954627470267,False,False,1,False,1,False,0,False,Low,No major unusual behaviour detected
167,1611.0300799972451,Bills,18,Bangalore,0.8234099195199501,False,False,1,False,1,False,0,False,Low,No major unusual behaviour detected
168,2148.396491326974,Entertainment,7,Hyderabad,1.9305340015702934,False,False,-1,True,1,False,20,False,Low,Isolation Forest detected unusual behaviour
169,1077.3059419985648,Shopping,15,Hyderabad,-0.27621006768338763,False,False,1,False,1,False,0,False,Low,No major unusual behaviour detected
170,823.1319178212552,Travel,15,Delhi,-0.7998791643468873,False,False,1,False,1,False,0,False,Low,No major unusual behaviour detected
171,755.2427851872383,Travel,10,Bangalore,-0.9397496364566722,False,False,1,False,1,False,0,False,Low,No major unusual behaviour detected
172,792.0948575172808,Shopping,9,Delhi,-0.8638241303404807,False,False,1,False,1,False,0,False,Low,No major unusual behaviour detected
173,1161.4491452929478,Food,23,Delhi,-0.10285169480416416,False,False,1,False,1,False,0,False,Low,No major unusual behaviour detected
174,1370.575987408322,Shopping,8,Mumbai,0.3280076931805529,False,False,1,False,1,False,0,False,Low,No major unusual behaviour detected
175,1338.3453996650096,Entertainment,7,Mumbai,0.2616037291126119,False,False,1,False,1,False,0,False,Low,No major unusual behaviour detected
176,1613.591624518012,Food,14,Hyderabad,0.8286874128027316,False,False,1,False,1,False,0,False,Low,No major unusual behaviour detected
177,1206.5009459389535,Travel,19,Delhi,-0.010032470559203126,False,False,1,False,1,False,0,False,Low,No major unusual behaviour detected
178,1926.7670385786585,Shopping,21,Hyderabad,1.4739157625885897,False,False,1,False,1,False,0,False,Low,No major unusual behaviour detected
179,1067.671583381022,Bills,14,Bangalore,-0.29605952275855046,False,False,1,False,1,False,0,False,Low,No major unusual behaviour detected
180,2560.0845832948094,Bills,18,Delhi,2.778725833625971,False,True,-1,True,-1,True,60,False,Medium,Transaction is outside the normal spending range; Isolation Forest detected unusual behaviour; Transaction differs from nearby spending patterns
181,1512.833673882503,Entertainment,18,Delhi,0.6210980449995337,False,False,1,False,1,False,0,False,Low,No major unusual behaviour detected
182,771.4212217918587,Bills,20,Bangalore,-0.9064175628524114,False,False,1,False,1,False,0,False,Low,No major unusual behaviour detected
183,664.5537509694439,Shopping,21,Bangalore,-1.1265942394007886,False,False,1,False,1,False,0,False,Low,No major unusual behaviour detected
184,1441.2362076215927,Shopping,21,Hyderabad,0.47358737548245017,False,False,1,False,1,False,0,False,Low,No major unusual behaviour detected
185,1088.2686073370746,Bills,15,Hyderabad,-0.2536239317734609,False,False,1,False,1,False,0,False,Low,No major unusual behaviour detected
186,1557.000247046046,Shopping,14,Bangalore,0.7120934547237807,False,False,1,False,1,False,0,False,Low,No major unusual behaviour detected
187,1436.6188122867725,Entertainment,12,Hyderabad,0.4640742584290852,False,False,1,False,1,False,0,False,Low,No major unusual behaviour detected
188,1163.5855436715635,Food,10,Bangalore,-0.09845012067532002,False,False,1,False,1,False,0,False,Low,No major unusual behaviour detected
189,776.6031409657976,Entertainment,13,Delhi,-0.8957413698717043,False,False,1,False,1,False,0,False,Low,No major unusual behaviour detected
190,442.5763876570677,Entertainment,10,Delhi,-1.583929270790336,False,False,1,False,1,False,0,False,Low,No major unusual behaviour detected
191,976.7425239664894,Shopping,18,Mumbai,-0.48339864428441065,False,False,1,False,1,False,0,False,Low,No major unusual behaviour detected
192,1628.1993971617362,Food,19,Delhi,0.8587834823336943,False,False,1,False,1,False,0,False,Low,No major unusual behaviour detected
193,1307.046872065102,Shopping,9,Bangalore,0.19712006785654404,False,False,1,False,1,False,0,False,Low,No major unusual behaviour detected
194,577.130610644006,Travel,18,Hyderabad,-1.3067101936958354,False,False,1,False,1,False,0,False,Low,No major unusual behaviour detected
195,1286.590462925591,Shopping,8,Mumbai,0.15497418245484076,False,False,1,False,1,False,0,False,Low,No major unusual behaviour detected
196,1392.6586898644184,Shopping,8,Hyderabad,0.37350419458152195,False,False,1,False,1,False,0,False,Low,No major unusual behaviour detected
197,758.0712818994335,Shopping,15,Bangalore,-0.93392214750305,False,False,1,False,1,False,0,False,Low,No major unusual behaviour detected
198,1276.862552972764,Food,7,Delhi,0.13493198564141995,False,False,1,False,-1,True,20,False,Low,Transaction differs from nearby spending patterns
199,1229.1043592229998,Shopping,14,Mumbai,0.03653683979530869,False,False,1,False,1,False,0,False,Low,No major unusual behaviour detected
200,628.5148510846884,Food,12,Bangalore,-1.2008443843889756,False,False,1,False,1,False,0,False,Low,No major unusual behaviour detected
201,1378.8936801741415,Bills,12,Mumbai,0.3451444508453046,False,False,1,False,1,False,0,False,Low,No major unusual behaviour detected
202,1480.3922631841172,Travel,23,Mumbai,0.5542597270797519,False,False,1,False,1,False,0,False,Low,No major unusual behaviour detected
203,1741.5256215876384,Food,18,Delhi,1.0922669854787614,False,False,1,False,1,False,0,False,Low,No major unusual behaviour detected
204,1726.9010260174514,Bills,12,Bangalore,1.0621362560460543,False,False,1,False,1,False,0,False,Low,No major unusual behaviour detected
205,511.1653160214545,Food,14,Hyderabad,-1.4426170250801298,False,False,1,False,1,False,0,False,Low,No major unusual behaviour detected
206,731.0874800424385,Food,16,Mumbai,-0.9895162751434972,False,False,1,False,1,False,0,False,Low,No major unusual behaviour detected
207,1457.5176336043298,Travel,7,Mumbai,0.5071316358149925,False,False,1,False,1,False,0,False,Low,No major unusual behaviour detected
208,1456.8929754561045,Entertainment,19,Hyderabad,0.5058446665062151,False,False,1,False,1,False,0,False,Low,No major unusual behaviour detected
209,1457.523843153024,Entertainment,23,Bangalore,0.5071444292102495,False,False,1,False,1,False,0,False,Low,No major unusual behaviour detected
210,3126.365745327361,Food,9,Mumbai,3.945422334336353,True,True,-1,True,-1,True,90,False,Very High,Transaction amount is unusually high; Transaction is outside the normal spending range; Isolation Forest detected unusual behaviour; Transaction differs from nearby spending patterns
211,1485.4452553465835,Shopping,14,Mumbai,0.5646702946022639,False,False,1,False,1,False,0,False,Low,No major unusual behaviour detected
212,1767.7828200902995,Bills,20,Mumbai,1.1463641083665463,False,False,1,False,1,False,0,False,Low,No major unusual behaviour detected
213,1677.0008817466012,Shopping,9,Bangalore,0.9593280971152834,False,False,1,False,1,False,0,False,Low,No major unusual behaviour detected
214,1525.695625652899,Shopping,22,Bangalore,0.6475972385608483,False,False,1,False,1,False,0,False,Low,No major unusual behaviour detected
215,1042.3653776798271,Food,19,Hyderabad,-0.348197336299563,False,False,1,False,1,False,0,False,Low,No major unusual behaviour detected
216,1579.4846102466338,Food,23,Bangalore,0.7584174888355124,False,False,1,False,1,False,0,False,Low,No major unusual behaviour detected
217,813.5873927312141,Food,19,Bangalore,-0.8195435374005919,False,False,1,False,1,False,0,False,Low,No major unusual behaviour detected
218,1081.5906966299956,Food,12,Delhi,-0.2673822828830774,False,False,1,False,1,False,0,False,Low,No major unusual behaviour detected
219,957.3182260854483,Entertainment,23,Hyderabad,-0.5234180937840642,False,False,1,False,1,False,0,False,Low,No major unusual behaviour detected
220,1240.9370696931612,Food,20,Mumbai,0.06091551036578197,False,False,1,False,1,False,0,False,Low,No major unusual behaviour detected
221,2357.329283336754,Entertainment,23,Bangalore,2.3609935924324184,False,False,-1,True,-1,True,40,False,Medium,Isolation Forest detected unusual behaviour; Transaction differs from nearby spending patterns
222,266.367403704126,Entertainment,14,Mumbai,-1.9469687267272644,False,False,-1,True,1,False,20,False,Low,Isolation Forest detected unusual behaviour
223,1543.1300951872568,Food,17,Mumbai,0.6835170889130443,False,False,1,False,1,False,0,False,Low,No major unusual behaviour detected
224,393.6420644051742,Travel,7,Delhi,-1.6847475701271821,False,False,-1,True,1,False,20,False,Low,Isolation Forest detected unusual behaviour
225,964.0340671052833,Bills,13,Bangalore,-0.5095815956935302,False,False,1,False,1,False,0,False,Low,No major unusual behaviour detected
226,1744.475298483683,Shopping,23,Hyderabad,1.098344139273688,False,False,1,False,1,False,0,False,Low,No major unusual behaviour detected
227,1232.1400095477313,Entertainment,16,Bangalore,0.04279112273584021,False,False,1,False,1,False,0,False,Low,No major unusual behaviour detected
228,661.127611035347,Bills,17,Mumbai,-1.1336530394105002,False,False,1,False,1,False,0,False,Low,No major unusual behaviour detected
229,842.3481453700159,Travel,15,Hyderabad,-0.7602883975314714,False,False,1,False,1,False,0,False,Low,No major unusual behaviour detected
230,1539.798874467338,Shopping,15,Bangalore,0.6766538488520943,False,False,1,False,1,False,0,False,Low,No major unusual behaviour detected
231,834.8166841414317,Shopping,11,Mumbai,-0.7758052998227046,False,False,1,False,1,False,0,False,Low,No major unusual behaviour detected
232,1308.2292947909875,Entertainment,23,Mumbai,0.19955618713640771,False,False,1,False,1,False,0,False,Low,No major unusual behaviour detected
233,1222.7859199519069,Food,15,Delhi,0.023519099701190045,False,False,1,False,1,False,0,False,Low,No major unusual behaviour detected
234,874.1998261970914,Travel,23,Delhi,-0.6946650869673159,False,False,1,False,1,False,0,False,Low,No major unusual behaviour detected
235,2271.972044662663,Entertainment,13,Delhi,2.1851339694247955,False,False,1,False,-1,True,20,False,Low,Transaction differs from nearby spending patterns
236,1516.9595111590056,Travel,15,Mumbai,0.6295984159031297,False,False,1,False,1,False,0,False,Low,No major unusual behaviour detected
237,187.42870667119644,Food,13,Bangalore,-2.1096043709510464,False,False,-1,True,1,False,20,False,Low,Isolation Forest detected unusual behaviour
238,1293.2271573847138,Food,19,Delhi,0.16864761664422917,False,False,1,False,1,False,0,False,Low,No major unusual behaviour detected
239,869.106767615806,Entertainment,17,Bangalore,-0.705158202442623,False,False,1,False,1,False,0,False,Low,No major unusual behaviour detected
240,1626.216667398112,Food,20,Delhi,0.8546985082392499,False,False,1,False,1,False,0,False,Low,No major unusual behaviour detected
241,803.7396307836497,Bills,17,Hyderabad,-0.8398326626167895,False,False,1,False,1,False,0,False,Low,No major unusual behaviour detected
242,1142.6317792665504,Shopping,19,Hyderabad,-0.14162069608399533,False,False,1,False,1,False,0,False,Low,No major unusual behaviour detected
243,1452.4936394902286,Entertainment,20,Delhi,0.49678081232746396,False,False,1,False,1,False,0,False,Low,No major unusual behaviour detected
244,1632.8775970850606,Travel,19,Mumbai,0.86842187373025,False,False,1,False,1,False,0,False,Low,No major unusual behaviour detected
245,599.8517964721119,Bills,7,Delhi,-1.2598982391845925,False,False,1,False,1,False,0,False,Low,No major unusual behaviour detected
246,1032.7493820795257,Entertainment,14,Delhi,-0.36800895845815634,False,False,1,False,1,False,0,False,Low,No major unusual behaviour detected
247,962.5273444195219,Food,18,Mumbai,-0.5126858629778404,False,False,1,False,1,False,0,False,Low,No major unusual behaviour detected
248,873.335383713144,Food,18,Hyderabad,-0.6964460786172356,False,False,1,False,1,False,0,False,Low,No major unusual behaviour detected
249,2082.7271201405483,Food,14,Bangalore,1.7952368546688227,False,False,1,False,1,False,0,False,Low,No major unusual behaviour detected
250,1402.4908554804779,Food,14,Delhi,0.3937611870223231,False,False,1,False,1,False,0,False,Low,No major unusual behaviour detected
251,569.5580228324774,Travel,19,Mumbai,-1.3223118281724642,False,False,1,False,1,False,0,False,Low,No major unusual behaviour detected
252,1658.930973527388,Bills,18,Delhi,0.9220990665541328,False,False,1,False,1,False,0,False,Low,No major unusual behaviour detected
253,2261.0780985063166,Shopping,22,Mumbai,2.1626894141195883,False,False,-1,True,-1,True,40,False,Medium,Isolation Forest detected unusual behaviour; Transaction differs from nearby spending patterns
254,1716.2326302755735,Travel,7,Bangalore,1.040156397250174,False,False,1,False,1,False,0,False,Low,No major unusual behaviour detected
255,440.3150170229933,Travel,19,Bangalore,-1.5885883224813973,False,False,1,False,1,False,0,False,Low,No major unusual behaviour detected
256,957.8829635668743,Shopping,13,Hyderabad,-0.5222545776942215,False,False,1,False,1,False,0,False,Low,No major unusual behaviour detected
257,1833.4555745933112,Shopping,11,Mumbai,1.2816682258400345,False,False,1,False,-1,True,20,False,Low,Transaction differs from nearby spending patterns
258,846.1652671906097,Food,14,Mumbai,-0.7524240662249391,False,False,1,False,1,False,0,False,Low,No major unusual behaviour detected
259,1421.9097140731142,Travel,20,Hyderabad,0.4337694300768858,False,False,1,False,1,False,0,False,Low,No major unusual behaviour detected
260,1587.3170267146684,Entertainment,19,Hyderabad,0.774554442522199,False,False,1,False,1,False,0,False,Low,No major unusual behaviour detected
261,736.5347642109585,Shopping,21,Mumbai,-0.9782933565583615,False,False,1,False,1,False,0,False,Low,No major unusual behaviour detected
262,1170.2373219690999,Shopping,23,Hyderabad,-0.08474560958866868,False,False,1,False,1,False,0,False,Low,No major unusual behaviour detected
263,420.6336700345362,Bills,21,Bangalore,-1.6291373645478537,False,False,1,False,1,False,0,False,Low,No major unusual behaviour detected
264,687.8061793328551,Entertainment,8,Delhi,-1.0786877776932537,False,False,1,False,1,False,0,False,Low,No major unusual behaviour detected
265,1073.7159243034198,Entertainment,10,Bangalore,-0.2836065014043688,False,False,1,False,1,False,0,False,Low,No major unusual behaviour detected
266,576.1084090175752,Shopping,7,Hyderabad,-1.3088162130030936,False,False,1,False,1,False,0,False,Low,No major unusual behaviour detected
267,2016.2056519658177,Food,10,Mumbai,1.658184151267903,False,False,1,False,-1,True,20,False,Low,Transaction differs from nearby spending patterns
268,484.9293110196836,Bills,11,Mumbai,-1.49667048346875,False,False,1,False,1,False,0,False,Low,No major unusual behaviour detected
269,979.9777566515081,Entertainment,21,Bangalore,-0.47673316623981665,False,False,1,False,1,False,0,False,Low,No major unusual behaviour detected
270,1265.3702886430456,Shopping,14,Mumbai,0.11125472869259972,False,False,1,False,1,False,0,False,Low,No major unusual behaviour detected
271,1920.6366445330577,Entertainment,23,Hyderabad,1.4612854478959618,False,False,1,False,1,False,0,False,Low,No major unusual behaviour detected
272,482.06892441028026,Bills,7,Bangalore,-1.5025636744692974,False,False,1,False,1,False,0,False,Low,No major unusual behaviour detected
273,1781.5818760774798,Bills,18,Mumbai,1.1747939969320864,False,False,1,False,1,False,0,False,Low,No major unusual behaviour detected
274,1205.1165305097936,Travel,21,Delhi,-0.012884750919250502,False,False,1,False,1,False,0,False,Low,No major unusual behaviour detected
275,709.2456744760245,Shopping,15,Delhi,-1.0345164620331098,False,False,1,False,1,False,0,False,Low,No major unusual behaviour detected
276,1431.0517371316355,Bills,13,Hyderabad,0.45260453713484816,False,False,1,False,1,False,0,False,Low,No major unusual behaviour detected
277,1299.529847786735,Travel,8,Mumbai,0.18163290969319051,False,False,1,False,1,False,0,False,Low,No major unusual behaviour detected
278,899.8915614206027,Travel,15,Hyderabad,-0.6417329755143037,False,False,1,False,1,False,0,False,Low,No major unusual behaviour detected
279,1234.9010424950095,Entertainment,16,Bangalore,0.04847961759301216,False,False,1,False,1,False,0,False,Low,No major unusual behaviour detected
280,1007.3432015691199,Entertainment,8,Delhi,-0.4203527478780894,False,False,1,False,1,False,0,False,Low,No major unusual behaviour detected
281,1256.758672625624,Travel,17,Bangalore,0.09351240748077454,False,False,1,False,1,False,0,False,Low,No major unusual behaviour detected
282,1531.0653372605234,Entertainment,19,Mumbai,0.6586603361217012,False,False,1,False,1,False,0,False,Low,No major unusual behaviour detected
283,1993.008408072676,Bills,16,Hyderabad,1.6103913848987865,False,False,1,False,1,False,0,False,Low,No major unusual behaviour detected
284,581.0922505865755,Food,20,Hyderabad,-1.298548114912426,False,False,1,False,1,False,0,False,Low,No major unusual behaviour detected
285,2266.5166873281332,Bills,15,Hyderabad,2.1738944178750397,False,False,1,False,-1,True,20,False,Low,Transaction differs from nearby spending patterns
286,223.95610023874906,Travel,13,Bangalore,-2.034347793277914,False,False,1,False,1,False,0,False,Low,No major unusual behaviour detected
287,1124.1074524822084,Travel,9,Delhi,-0.1797859551219874,False,False,1,False,1,False,0,False,Low,No major unusual behaviour detected
288,1494.1586032422883,Bills,12,Bangalore,0.5826222117433936,False,False,1,False,1,False,0,False,Low,No major unusual behaviour detected
289,1340.4959338675162,Entertainment,8,Bangalore,0.2660344269654539,False,False,1,False,1,False,0,False,Low,No major unusual behaviour detected
290,888.6502400897032,Entertainment,12,Mumbai,-0.6648932201762434,False,False,1,False,1,False,0,False,Low,No major unusual behaviour detected
291,1095.9388748213623,Travel,9,Mumbai,-0.23782105003656728,False,False,1,False,1,False,0,False,Low,No major unusual behaviour detected
292,953.4995326705836,Shopping,22,Mumbai,-0.5312856630113668,False,False,1,False,1,False,0,False,Low,No major unusual behaviour detected
293,905.3176215278943,Entertainment,14,Delhi,-0.6305537843911184,False,False,1,False,1,False,0,False,Low,No major unusual behaviour detected
294,1624.8010485105124,Bills,8,Delhi,0.8517819400868257,False,False,1,False,1,False,0,False,Low,No major unusual behaviour detected
295,1378.5077429825237,Entertainment,23,Mumbai,0.34434931302129795,False,False,1,False,1,False,0,False,Low,No major unusual behaviour detected
296,853.5452023696729,Bills,15,Mumbai,-0.7372193496880547,False,False,1,False,1,False,0,False,Low,No major unusual behaviour detected
297,1649.7999377166254,Travel,18,Delhi,0.9032865962786948,False,False,1,False,1,False,0,False,Low,No major unusual behaviour detected
298,1353.6497604383046,Entertainment,9,Hyderabad,0.2931349636953123,False,False,1,False,1,False,0,False,Low,No major unusual behaviour detected
299,1606.43105941948,Bills,17,Delhi,0.8139346595704322,False,False,1,False,1,False,0,False,Low,No major unusual behaviour detected
300,1514.814420961806,Travel,7,Delhi,0.6251789342135073,False,False,1,False,1,False,0,False,Low,No major unusual behaviour detected
301,785.5024945389639,Shopping,19,Delhi,-0.8774062293645921,False,False,1,False,1,False,0,False,Low,No major unusual behaviour detected
302,919.9094799015152,Bills,21,Mumbai,-0.6004905026773849,False,False,1,False,1,False,0,False,Low,No major unusual behaviour detected
303,1573.646802561631,Shopping,11,Hyderabad,0.7463899833231156,False,False,1,False,1,False,0,False,Low,No major unusual behaviour detected
304,1505.1851327167324,Shopping,23,Delhi,0.605339925514127,False,False,1,False,1,False,0,False,Low,No major unusual behaviour detected
305,1189.549203017926,Food,12,Mumbai,-0.04495776999158638,False,False,1,False,1,False,0,False,Low,No major unusual behaviour detected
306,1258.663691654391,Entertainment,17,Bangalore,0.09743727587419157,False,False,1,False,1,False,0,False,Low,No major unusual behaviour detected
307,1838.8324478942125,Bills,10,Bangalore,1.2927460784784806,False,False,1,False,1,False,0,False,Low,No major unusual behaviour detected
308,904.214305582085,Shopping,9,Delhi,-0.6328269217289975,False,False,1,False,1,False,0,False,Low,No major unusual behaviour detected
309,1473.548690585019,Food,19,Bangalore,0.5401600664534526,False,False,1,False,1,False,0,False,Low,No major unusual behaviour detected
310,1098.903673783053,Travel,15,Hyderabad,-0.23171274058566005,False,False,1,False,1,False,0,False,Low,No major unusual behaviour detected
311,1091.15939838639,Bills,12,Bangalore,-0.2476680991806627,False,False,1,False,1,False,0,False,Low,No major unusual behaviour detected
312,1749.388425993595,Shopping,18,Bangalore,1.1084665467590156,False,False,1,False,1,False,0,False,Low,No major unusual behaviour detected
313,1612.7081744940149,Entertainment,8,Hyderabad,0.8268672603402158,False,False,1,False,1,False,0,False,Low,No major unusual behaviour detected
314,1606.7548180003193,Food,9,Delhi,0.814601692183674,False,False,1,False,1,False,0,False,Low,No major unusual behaviour detected
315,1852.7394035771645,Shopping,9,Delhi,1.3213982703907057,False,False,1,False,1,False,0,False,Low,No major unusual behaviour detected
316,1210.5019208163794,Entertainment,18,Hyderabad,-0.0017893508831601278,False,False,1,False,1,False,0,False,Low,No major unusual behaviour detected
317,1540.976485647482,Shopping,21,Hyderabad,0.6790800550111337,False,False,1,False,1,False,0,False,Low,No major unusual behaviour detected
318,1044.866621703272,Bills,15,Hyderabad,-0.34304407879210597,False,False,1,False,1,False,0,False,Low,No major unusual behaviour detected
319,1362.083176244221,Bills,14,Bangalore,0.31051014296930113,False,False,1,False,1,False,0,False,Low,No major unusual behaviour detected
320,1134.9284728161576,Bills,17,Hyderabad,-0.1574916472689411,False,False,1,False,1,False,0,False,Low,No major unusual behaviour detected
321,1248.497982496359,Food,22,Mumbai,0.0764930910820556,False,False,1,False,1,False,0,False,Low,No major unusual behaviour detected
322,1497.5785127184568,Bills,10,Bangalore,0.5896681752790173,False,False,1,False,1,False,0,False,Low,No major unusual behaviour detected
323,790.8896583832637,Entertainment,7,Delhi,-0.8663071753481408,False,False,1,False,1,False,0,False,Low,No major unusual behaviour detected
324,2246.19363784273,Shopping,13,Delhi,2.132023290406701,False,False,1,False,-1,True,20,False,Low,Transaction differs from nearby spending patterns
325,696.991309250149,Travel,8,Delhi,-1.0597638585315898,False,False,1,False,1,False,0,False,Low,No major unusual behaviour detected
326,592.9056936061339,Entertainment,11,Bangalore,-1.274209140642489,False,False,1,False,1,False,0,False,Low,No major unusual behaviour detected
327,1779.055436750034,Entertainment,13,Mumbai,1.1695888300993977,False,False,1,False,1,False,0,False,Low,No major unusual behaviour detected
328,1595.831346981468,Bills,10,Hyderabad,0.7920963074600115,False,False,1,False,1,False,0,False,Low,No major unusual behaviour detected
329,1512.0599085260776,Food,11,Hyderabad,0.6195038734214571,False,False,1,False,1,False,0,False,Low,No major unusual behaviour detected
330,1514.17275463214,Shopping,7,Delhi,0.6238569233262689,False,False,1,False,1,False,0,False,Low,No major unusual behaviour detected
331,1193.8766135765427,Food,7,Delhi,-0.03604210213190733,False,False,1,False,1,False,0,False,Low,No major unusual behaviour detected
332,751.3728142570842,Shopping,21,Bangalore,-0.9477228516098228,False,False,1,False,1,False,0,False,Low,No major unusual behaviour detected
333,1237.9022790968631,Shopping,16,Mumbai,0.05466299870464673,False,False,1,False,1,False,0,False,Low,No major unusual behaviour detected
334,861.4191442439442,Food,9,Hyderabad,-0.7209968421292015,False,False,1,False,1,False,0,False,Low,No major unusual behaviour detected
335,1687.5598667088757,Entertainment,17,Bangalore,0.9810825393120223,False,False,1,False,1,False,0,False,Low,No major unusual behaviour detected
336,1126.4713092489308,Shopping,21,Hyderabad,-0.17491575352810665,False,False,1,False,1,False,0,False,Low,No major unusual behaviour detected
337,787.2514016037442,Food,17,Delhi,-0.8738029949832417,False,False,1,False,1,False,0,False,Low,No major unusual behaviour detected
338,1039.3070791735033,Shopping,23,Hyderabad,-0.3544982807856003,False,False,1,False,1,False,0,False,Low,No major unusual behaviour detected
339,1406.465727137812,Travel,23,Mumbai,0.40195052681377846,False,False,1,False,1,False,0,False,Low,No major unusual behaviour detected
340,918.1377235980126,Entertainment,12,Mumbai,-0.6041408128377804,False,False,1,False,1,False,0,False,Low,No major unusual behaviour detected
341,788.8898022167843,Bills,11,Delhi,-0.8704274345900004,False,False,1,False,1,False,0,False,Low,No major unusual behaviour detected
342,1321.8436057459562,Shopping,14,Mumbai,0.22760544961537385,False,False,1,False,1,False,0,False,Low,No major unusual behaviour detected
343,1322.4832855543614,Travel,8,Mumbai,0.22892336771698021,False,False,1,False,1,False,0,False,Low,No major unusual behaviour detected
344,946.5284123144352,Bills,22,Bangalore,-0.5456481074486086,False,False,1,False,1,False,0,False,Low,No major unusual behaviour detected
345,964.4808471908386,Bills,18,Hyderabad,-0.5086611046064993,False,False,1,False,1,False,0,False,Low,No major unusual behaviour detected
346,1316.0249686788181,Shopping,12,Delhi,0.21561744090117352,False,False,1,False,1,False,0,False,Low,No major unusual behaviour detected
347,475.9578292513379,Food,7,Delhi,-1.5151542280943824,False,False,1,False,1,False,0,False,Low,No major unusual behaviour detected
348,496.2681128117224,Shopping,10,Delhi,-1.4733094019778215,False,False,1,False,1,False,0,False,Low,No major unusual behaviour detected
349,840.777889373782,Travel,23,Delhi,-0.763523561084237,False,False,1,False,1,False,0,False,Low,No major unusual behaviour detected
350,1093.2764241440764,Bills,19,Delhi,-0.2433064380324423,False,False,1,False,1,False,0,False,Low,No major unusual behaviour detected
351,1355.4537827990023,Shopping,11,Mumbai,0.29685175089669946,False,False,1,False,1,False,0,False,Low,No major unusual behaviour detected
352,1937.6781084747759,Food,9,Bangalore,1.4963955975545193,False,False,1,False,1,False,0,False,Low,No major unusual behaviour detected
353,1628.8298116010096,Shopping,17,Delhi,0.8600823112010676,False,False,1,False,1,False,0,False,Low,No major unusual behaviour detected
354,1120.0307350182864,Entertainment,19,Bangalore,-0.1881851255667025,False,False,1,False,1,False,0,False,Low,No major unusual behaviour detected
355,1190.4918960486557,Food,10,Bangalore,-0.04301556047811993,False,False,1,False,1,False,0,False,Low,No major unusual behaviour detected
356,698.7353176810956,Travel,20,Mumbai,-1.0561707166967256,False,False,1,False,1,False,0,False,Low,No major unusual behaviour detected
357,1190.743432003805,Bills,17,Delhi,-0.04249732653648164,False,False,1,False,1,False,0,False,Low,No major unusual behaviour detected
358,1055.6706805399308,Shopping,16,Mumbai,-0.32078471633520256,False,False,1,False,1,False,0,False,Low,No major unusual behaviour detected
359,1361.3592801690447,Food,12,Delhi,0.30901871596375713,False,False,1,False,1,False,0,False,Low,No major unusual behaviour detected
360,786.3845282238385,Entertainment,21,Mumbai,-0.8755889949541126,False,False,1,False,1,False,0,False,Low,No major unusual behaviour detected
361,1459.6732571205862,Food,16,Bangalore,0.5115728190679165,False,False,1,False,1,False,0,False,Low,No major unusual behaviour detected
362,1966.3694565012888,Entertainment,11,Delhi,1.555507744642457,False,False,1,False,1,False,0,False,Low,No major unusual behaviour detected
363,1145.6199257715712,Travel,11,Hyderabad,-0.13546428420812714,False,False,1,False,1,False,0,False,Low,No major unusual behaviour detected
364,1400.8558610494706,Bills,16,Bangalore,0.39039264431027104,False,False,1,False,1,False,0,False,Low,No major unusual behaviour detected
365,1545.0719958555562,Travel,11,Hyderabad,0.6875179437292281,False,False,1,False,1,False,0,False,Low,No major unusual behaviour detected
366,999.3897640570818,Shopping,9,Bangalore,-0.4367390385337903,False,False,1,False,1,False,0,False,Low,No major unusual behaviour detected
367,1312.0462409052084,Food,12,Mumbai,0.20742015643900227,False,False,1,False,1,False,0,False,Low,No major unusual behaviour detected
368,1206.2962003908974,Entertainment,10,Delhi,-0.010454303264348446,False,False,1,False,1,False,0,False,Low,No major unusual behaviour detected
369,1248.8380492744159,Entertainment,15,Bangalore,0.07719372311181026,False,False,1,False,1,False,0,False,Low,No major unusual behaviour detected
370,813.4951080722667,Food,23,Mumbai,-0.8197336694337267,False,False,1,False,1,False,0,False,Low,No major unusual behaviour detected
371,1212.2550871294713,Food,19,Delhi,0.001822658732886563,False,False,1,False,1,False,0,False,Low,No major unusual behaviour detected
372,1448.9991456227249,Shopping,21,Delhi,0.48958118422693375,False,False,1,False,1,False,0,False,Low,No major unusual behaviour detected
373,1925.5718038975208,Travel,23,Bangalore,1.4714532471218809,False,False,-1,True,1,False,20,False,Low,Isolation Forest detected unusual behaviour
374,1679.6354130426034,Entertainment,19,Delhi,0.9647559634300049,False,False,1,False,1,False,0,False,Low,No major unusual behaviour detected
375,2276.5912287557785,Shopping,22,Bangalore,2.1946507718171473,False,False,-1,True,-1,True,40,False,Medium,Isolation Forest detected unusual behaviour; Transaction differs from nearby spending patterns
376,816.3262185559752,Travel,10,Delhi,-0.8139007953847092,False,False,1,False,1,False,0,False,Low,No major unusual behaviour detected
377,1636.160318360339,Shopping,11,Hyderabad,0.8751851914626076,False,False,1,False,1,False,0,False,Low,No major unusual behaviour detected
378,1291.671002869176,Entertainment,11,Mumbai,0.16544150605893954,False,False,1,False,1,False,0,False,Low,No major unusual behaviour detected
379,2294.901466608836,Food,15,Hyderabad,2.23237494818505,False,False,1,False,-1,True,20,False,Low,Transaction differs from nearby spending patterns
380,795.8508573224242,Food,23,Bangalore,-0.8560857273648265,False,False,1,False,1,False,0,False,Low,No major unusual behaviour detected
381,780.139078909612,Travel,19,Hyderabad,-0.8884563554612477,False,False,1,False,1,False,0,False,Low,No major unusual behaviour detected
382,900.303677277989,Bills,8,Bangalore,-0.6408839023666573,False,False,1,False,1,False,0,False,Low,No major unusual behaviour detected
383,138.05213784509647,Travel,19,Delhi,-2.2113338190219056,False,False,-1,True,1,False,20,False,Low,Isolation Forest detected unusual behaviour
384,937.1224891596195,Bills,9,Delhi,-0.5650269220135957,False,False,1,False,1,False,0,False,Low,No major unusual behaviour detected
385,820.433669223151,Shopping,16,Bangalore,-0.8054383060039321,False,False,1,False,1,False,0,False,Low,No major unusual behaviour detected
386,1275.1968932381037,Shopping,8,Hyderabad,0.13150026388534533,False,False,1,False,-1,True,20,False,Low,Transaction differs from nearby spending patterns
387,1370.8779878885798,Entertainment,19,Delhi,0.32862989806242654,False,False,1,False,1,False,0,False,Low,No major unusual behaviour detected
388,2138.085419607943,Bills,23,Mumbai,1.9092903295223165,False,False,-1,True,1,False,20,False,Low,Isolation Forest detected unusual behaviour
389,1675.2119190930252,Entertainment,20,Delhi,0.9556423370939946,False,False,1,False,1,False,0,False,Low,No major unusual behaviour detected
390,911.5481721687984,Food,18,Mumbai,-0.6177171192897217,False,False,1,False,1,False,0,False,Low,No major unusual behaviour detected
391,750.7926643258211,Bills,18,Hyderabad,-0.9489181216277457,False,False,1,False,1,False,0,False,Low,No major unusual behaviour detected
392,1445.959585753253,Travel,17,Mumbai,0.48331884653820656,False,False,1,False,1,False,0,False,Low,No major unusual behaviour detected
393,539.883396489679,Food,13,Mumbai,-1.3834498017362766,False,False,1,False,1,False,0,False,Low,No major unusual behaviour detected
394,2115.7293829271766,Food,10,Mumbai,1.8632306836891677,False,False,1,False,1,False,0,False,Low,No major unusual behaviour detected
395,1789.7200603606434,Travel,7,Mumbai,1.1915609172570067,False,False,1,False,1,False,0,False,Low,No major unusual behaviour detected
396,965.4121739476476,Food,9,Delhi,-0.5067423127747405,False,False,1,False,1,False,0,False,Low,No major unusual behaviour detected
397,343.4327354545612,Bills,19,Mumbai,-1.7881927353865015,False,False,1,False,1,False,0,False,Low,No major unusual behaviour detected
398,1876.9361870827065,Entertainment,21,Delhi,1.37125036602291,False,False,1,False,1,False,0,False,Low,No major unusual behaviour detected
399,1142.730077373691,Food,8,Mumbai,-0.1414181746771101,False,False,1,False,1,False,0,False,Low,No major unusual behaviour detected
400,1818.908155986731,Bills,17,Bangalore,1.2516965023913023,False,False,1,False,-1,True,20,False,Low,Transaction differs from nearby spending patterns
401,402.78617060281647,Shopping,10,Hyderabad,-1.6659081712239567,False,False,1,False,1,False,0,False,Low,No major unusual behaviour detected
402,900.3124885231136,Bills,23,Mumbai,-0.6408657487540297,False,False,1,False,1,False,0,False,Low,No major unusual behaviour detected
403,1202.6218498590915,Entertainment,9,Bangalore,-0.018024486055622083,False,False,1,False,1,False,0,False,Low,No major unusual behaviour detected
404,1223.490296882371,Bills,14,Mumbai,0.02497031184641483,False,False,1,False,1,False,0,False,Low,No major unusual behaviour detected
405,974.9672642603782,Travel,11,Mumbai,-0.48705617242738825,False,False,1,False,1,False,0,False,Low,No major unusual behaviour detected
406,1511.4249661737495,Entertainment,13,Mumbai,0.6181957157953846,False,False,1,False,1,False,0,False,Low,No major unusual behaviour detected
407,666.1897853087028,Shopping,14,Bangalore,-1.1232235541888624,False,False,1,False,1,False,0,False,Low,No major unusual behaviour detected
408,1128.8102574893533,Travel,11,Hyderabad,-0.1700968704177291,False,False,1,False,1,False,0,False,Low,No major unusual behaviour detected
409,1260.1478158559494,Bills,23,Bangalore,0.10049498400342344,False,False,1,False,1,False,0,False,Low,No major unusual behaviour detected
410,1457.2194170293744,Entertainment,11,Hyderabad,0.5065172268291709,False,False,1,False,1,False,0,False,Low,No major unusual behaviour detected
411,1555.807439044445,Shopping,10,Mumbai,0.7096359388910229,False,False,1,False,1,False,0,False,Low,No major unusual behaviour detected
412,637.6789540810654,Travel,8,Delhi,-1.181963786525457,False,False,1,False,1,False,0,False,Low,No major unusual behaviour detected
413,432.94291463218883,Shopping,17,Mumbai,-1.603776901298603,False,False,1,False,1,False,0,False,Low,No major unusual behaviour detected
414,1838.8384109492545,Bills,19,Hyderabad,1.2927583640283409,False,False,1,False,1,False,0,False,Low,No major unusual behaviour detected
415,1366.1570059897958,Shopping,21,Bangalore,0.3189033639120433,False,False,1,False,1,False,0,False,Low,No major unusual behaviour detected
416,825.7567317217232,Food,18,Mumbai,-0.7944713185663562,False,False,1,False,1,False,0,False,Low,No major unusual behaviour detected
417,1975.5759877612613,Travel,17,Bangalore,1.5744757565151055,False,False,1,False,1,False,0,False,Low,No major unusual behaviour detected
418,1257.8373171464293,Shopping,13,Bangalore,0.09573471482968399,False,False,1,False,1,False,0,False,Low,No major unusual behaviour detected
419,1789.6485920319133,Bills,11,Bangalore,1.1914136726466762,False,False,1,False,1,False,0,False,Low,No major unusual behaviour detected
420,1233.7592407050545,Bills,23,Mumbai,0.04612718872523216,False,False,1,False,1,False,0,False,Low,No major unusual behaviour detected
421,2230.3739624409936,Shopping,15,Bangalore,2.099430364540453,False,False,1,False,-1,True,20,False,Low,Transaction differs from nearby spending patterns
422,2077.6704212216023,Bills,20,Bangalore,1.7848186501982646,False,False,1,False,1,False,0,False,Low,No major unusual behaviour detected
423,1075.5179257604632,Entertainment,18,Mumbai,-0.27989387782589514,False,False,1,False,1,False,0,False,Low,No major unusual behaviour detected
424,1685.7854754771777,Entertainment,12,Bangalore,0.9774268004675889,False,False,1,False,1,False,0,False,Low,No major unusual behaviour detected
425,1522.6879747925736,Entertainment,23,Mumbai,0.6414006422949486,False,False,1,False,1,False,0,False,Low,No major unusual behaviour detected
426,1884.3157787661744,Food,22,Hyderabad,1.3864543748634486,False,False,1,False,1,False,0,False,Low,No major unusual behaviour detected
427,717.5382697099478,Shopping,18,Hyderabad,-1.0174314122558936,False,False,1,False,1,False,0,False,Low,No major unusual behaviour detected
428,1543.0257299992197,Food,18,Hyderabad,0.6833020676341415,False,False,1,False,1,False,0,False,Low,No major unusual behaviour detected
429,1729.212243424794,Bills,12,Bangalore,1.0668980059369548,False,False,1,False,1,False,0,False,Low,No major unusual behaviour detected
430,320.6302567884428,Food,10,Delhi,-1.8351721757263415,False,False,1,False,1,False,0,False,Low,No major unusual behaviour detected
431,608.3707436671125,Bills,12,Delhi,-1.2423468414893741,False,False,1,False,1,False,0,False,Low,No major unusual behaviour detected
432,180.38391111994974,Bills,17,Bangalore,-2.1241186067563813,False,False,-1,True,1,False,20,False,Low,Isolation Forest detected unusual behaviour
433,1065.2965827777211,Travel,7,Delhi,-0.30095268375142276,False,False,1,False,1,False,0,False,Low,No major unusual behaviour detected
434,1558.7711278979812,Entertainment,21,Mumbai,0.7157419612107561,False,False,1,False,1,False,0,False,Low,No major unusual behaviour detected
435,1951.1785260480142,Bills,17,Delhi,1.524210208028743,False,False,1,False,1,False,0,False,Low,No major unusual behaviour detected
436,1237.0473902098877,Travel,23,Bangalore,0.052901690118377476,False,False,1,False,1,False,0,False,Low,No major unusual behaviour detected
437,2014.307772785646,Entertainment,20,Bangalore,1.6542739929459667,False,False,1,False,-1,True,20,False,Low,Transaction differs from nearby spending patterns
438,509.9492708925543,Bills,21,Mumbai,-1.4451224158501519,False,False,1,False,1,False,0,False,Low,No major unusual behaviour detected
439,348.30878032242265,Bills,21,Hyderabad,-1.7781467284449644,False,False,1,False,1,False,0,False,Low,No major unusual behaviour detected
440,1172.2261505516906,Food,10,Bangalore,-0.0806480702329661,False,False,1,False,1,False,0,False,Low,No major unusual behaviour detected
441,1392.0327244696537,Food,13,Mumbai,0.372214531981734,False,False,1,False,1,False,0,False,Low,No major unusual behaviour detected
442,1183.6526259529535,Entertainment,19,Delhi,-0.0571063567522334,False,False,1,False,1,False,0,False,Low,No major unusual behaviour detected
443,166.27894998006173,Bills,9,Delhi,-2.1531787449137183,False,False,-1,True,1,False,20,False,Low,Isolation Forest detected unusual behaviour
444,1155.4399802436058,Shopping,22,Mumbai,-0.115232244088365,False,False,1,False,1,False,0,False,Low,No major unusual behaviour detected
445,547.7652497475734,Food,15,Mumbai,-1.3672109945294608,False,False,1,False,1,False,0,False,Low,No major unusual behaviour detected
446,1534.8362744150193,Entertainment,14,Bangalore,0.6664295141864593,False,False,1,False,1,False,0,False,Low,No major unusual behaviour detected
447,1383.299123048424,Bills,19,Delhi,0.3542208869518078,False,False,1,False,1,False,0,False,Low,No major unusual behaviour detected
448,730.0601068363223,Bills,23,Mumbai,-0.9916329493415176,False,False,1,False,1,False,0,False,Low,No major unusual behaviour detected
449,943.0665413316533,Shopping,23,Delhi,-0.5527805233443192,False,False,1,False,1,False,0,False,Low,No major unusual behaviour detected
450,670.3932390555242,Entertainment,23,Mumbai,-1.1145632717953744,False,False,1,False,1,False,0,False,Low,No major unusual behaviour detected
451,1168.660451363414,Bills,7,Delhi,-0.08799440107437409,False,False,1,False,1,False,0,False,Low,No major unusual behaviour detected
452,1677.5711602506192,Food,14,Hyderabad,0.9605030292509033,False,False,1,False,1,False,0,False,Low,No major unusual behaviour detected
453,707.1369768322281,Shopping,12,Bangalore,-1.0388609649532545,False,False,1,False,1,False,0,False,Low,No major unusual behaviour detected
454,1452.0232577589222,Entertainment,9,Delhi,0.4958116952938981,False,False,1,False,1,False,0,False,Low,No major unusual behaviour detected
455,934.8711908137795,Shopping,11,Hyderabad,-0.5696652219929186,False,False,1,False,1,False,0,False,Low,No major unusual behaviour detected
456,803.5635838688279,Food,19,Delhi,-0.840195368165295,False,False,1,False,1,False,0,False,Low,No major unusual behaviour detected
457,1146.4848200227211,Entertainment,21,Delhi,-0.13368236179227397,False,False,1,False,1,False,0,False,Low,No major unusual behaviour detected
458,682.378838790313,Shopping,20,Hyderabad,-1.0898696068687463,False,False,1,False,1,False,0,False,Low,No major unusual behaviour detected
459,923.175347326409,Travel,22,Delhi,-0.5937619085586411,False,False,1,False,1,False,0,False,Low,No major unusual behaviour detected
460,601.0610537055758,Food,17,Delhi,-1.257406833364775,False,False,1,False,1,False,0,False,Low,No major unusual behaviour detected
461,2182.3625664581946,Food,9,Bangalore,2.0005135517573844,False,False,1,False,-1,True,20,False,Low,Transaction differs from nearby spending patterns
462,1217.6317759858644,Food,16,Hyderabad,0.012900131364408842,False,False,1,False,1,False,0,False,Low,No major unusual behaviour detected
463,850.1372460037072,Travel,16,Hyderabad,-0.744240686496213,False,False,1,False,1,False,0,False,Low,No major unusual behaviour detected
464,1306.989955367111,Travel,22,Mumbai,0.19700280364782521,False,False,1,False,1,False,0,False,Low,No major unusual behaviour detected
465,1143.8359751545852,Bills,18,Delhi,-0.13913971804174993,False,False,1,False,1,False,0,False,Low,No major unusual behaviour detected
466,1089.5152002333884,Shopping,8,Bangalore,-0.2510556041167197,False,False,1,False,1,False,0,False,Low,No major unusual behaviour detected
467,1507.0833500217127,Bills,15,Delhi,0.6092507804670966,False,False,1,False,1,False,0,False,Low,No major unusual behaviour detected
468,1578.7538550236525,Shopping,9,Delhi,0.7569119300800913,False,False,1,False,1,False,0,False,Low,No major unusual behaviour detected
469,934.7494261947363,Travel,21,Mumbai,-0.5699160909330722,False,False,1,False,1,False,0,False,Low,No major unusual behaviour detected
470,912.09087967766,Travel,9,Delhi,-0.6165989910630552,False,False,1,False,1,False,0,False,Low,No major unusual behaviour detected
471,1062.474151424178,Bills,14,Bangalore,-0.30676767638132907,False,False,1,False,1,False,0,False,Low,No major unusual behaviour detected
472,49.03941763220769,Entertainment,23,Bangalore,-2.394724749453598,False,False,-1,True,-1,True,40,False,Medium,Isolation Forest detected unusual behaviour; Transaction differs from nearby spending patterns
473,442.4044689007238,Bills,14,Mumbai,-1.5842834711856184,False,False,1,False,1,False,0,False,Low,No major unusual behaviour detected
474,1883.4371337222624,Shopping,13,Delhi,1.3846441219946808,False,False,1,False,1,False,0,False,Low,No major unusual behaviour detected
475,2022.4838567506417,Bills,13,Bangalore,1.6711189971435927,False,False,1,False,-1,True,20,False,Low,Transaction differs from nearby spending patterns
476,1075.4819802218108,Food,9,Delhi,-0.27996793562080996,False,False,1,False,1,False,0,False,Low,No major unusual behaviour detected
477,1488.2784815278833,Shopping,7,Delhi,0.570507527576038,False,False,1,False,1,False,0,False,Low,No major unusual behaviour detected
478,1355.625077271768,Shopping,10,Delhi,0.2972046650943916,False,False,1,False,1,False,0,False,Low,No major unusual behaviour detected
479,2739.440404227619,Entertainment,11,Mumbai,3.14824864789949,True,True,-1,True,-1,True,90,False,Very High,Transaction amount is unusually high; Transaction is outside the normal spending range; Isolation Forest detected unusual behaviour; Transaction differs from nearby spending patterns
480,1759.7874557172884,Travel,7,Delhi,1.1298914367304018,False,False,1,False,1,False,0,False,Low,No major unusual behaviour detected
481,1136.0412042596167,Shopping,21,Bangalore,-0.15519911139037781,False,False,1,False,1,False,0,False,Low,No major unusual behaviour detected
482,722.2297796997871,Travel,11,Delhi,-1.0077655984249214,False,False,1,False,1,False,0,False,Low,No major unusual behaviour detected
483,396.7768398712137,Bills,19,Bangalore,-1.6782890618596393,False,False,1,False,1,False,0,False,Low,No major unusual behaviour detected
484,1301.7318179336116,Food,14,Delhi,0.18616957987979657,False,False,1,False,1,False,0,False,Low,No major unusual behaviour detected
485,821.8246273578484,Entertainment,14,Bangalore,-0.8025725458529829,False,False,1,False,1,False,0,False,Low,No major unusual behaviour detected
486,488.87314520116297,Travel,11,Bangalore,-1.4885450894994388,False,False,1,False,1,False,0,False,Low,No major unusual behaviour detected
487,876.7135578787368,Shopping,15,Delhi,-0.6894861014150261,False,False,1,False,1,False,0,False,Low,No major unusual behaviour detected
488,659.2259981928025,Travel,7,Delhi,-1.1375708901140964,False,False,1,False,1,False,0,False,Low,No major unusual behaviour detected
489,2043.5708175362824,Shopping,10,Bangalore,1.714563994096908,False,False,1,False,-1,True,20,False,Low,Transaction differs from nearby spending patterns
490,1640.8198784747253,Travel,9,Hyderabad,0.884785179674809,False,False,1,False,1,False,0,False,Low,No major unusual behaviour detected
491,1196.0136793416914,Shopping,8,Mumbai,-0.03163915300141231,False,False,1,False,1,False,0,False,Low,No major unusual behaviour detected
492,1939.972069445013,Bills,14,Hyderabad,1.5011217943913266,False,False,1,False,1,False,0,False,Low,No major unusual behaviour detected
493,1238.684153823809,Shopping,15,Hyderabad,0.05627387783869301,False,False,1,False,1,False,0,False,Low,No major unusual behaviour detected
494,769.3578993358682,Shopping,8,Delhi,-0.9106685802809285,False,False,1,False,1,False,0,False,Low,No major unusual behaviour detected
495,1961.5620386348287,Food,20,Mumbai,1.5456031283876623,False,False,1,False,1,False,0,False,Low,No major unusual behaviour detected
496,1469.4550218423294,Shopping,20,Hyderabad,0.5317259716655903,False,False,1,False,1,False,0,False,Low,No major unusual behaviour detected
497,681.3769228367718,Food,10,Delhi,-1.0919338320547067,False,False,1,False,1,False,0,False,Low,No major unusual behaviour detected
498,1104.830660958196,Entertainment,12,Hyderabad,-0.21950150055045434,False,False,1,False,1,False,0,False,Low,No major unusual behaviour detected
499,762.1908733076214,Food,17,Hyderabad,-0.9254346448232187,False,False,1,False,1,False,0,False,Low,No major unusual behaviour detected
500,508.600134517832,Bills,9,Delhi,-1.4479020115579093,False,False,1,False,1,False,0,False,Low,No major unusual behaviour detected
501,1663.0887737658206,Food,14,Delhi,0.9306652900382778,False,False,1,False,1,False,0,False,Low,No major unusual behaviour detected
502,2154.708320235065,Entertainment,9,Delhi,1.9435381224803394,False,False,1,False,1,False,0,False,Low,No major unusual behaviour detected
503,500.7162130904294,Bills,20,Mumbai,-1.4641450797684274,False,False,1,False,1,False,0,False,Low,No major unusual behaviour detected
504,1481.4846183452855,Travel,19,Hyderabad,0.5565102821564804,False,False,1,False,1,False,0,False,Low,No major unusual behaviour detected
505,874.6787154390865,Travel,19,Delhi,-0.6936784420984345,False,False,1,False,1,False,0,False,Low,No major unusual behaviour detected
506,956.437308117652,Food,8,Bangalore,-0.5252330295074279,False,False,1,False,1,False,0,False,Low,No major unusual behaviour detected
507,903.8030378805654,Food,19,Hyderabad,-0.6336742474399497,False,False,1,False,1,False,0,False,Low,No major unusual behaviour detected
508,768.004615160092,Entertainment,12,Bangalore,-0.913456721611072,False,False,1,False,1,False,0,False,Low,No major unusual behaviour detected
509,1224.2608139724134,Entertainment,22,Mumbai,0.026557791093408296,False,False,1,False,1,False,0,False,Low,No major unusual behaviour detected
510,784.524941794481,Shopping,8,Delhi,-0.8794202595720502,False,False,1,False,1,False,0,False,Low,No major unusual behaviour detected
511,1335.2284128899194,Entertainment,14,Bangalore,0.25518187048993485,False,False,1,False,1,False,0,False,Low,No major unusual behaviour detected
512,1174.8809452754315,Shopping,23,Mumbai,-0.07517845562813688,False,False,1,False,1,False,0,False,Low,No major unusual behaviour detected
513,1080.5259765667952,Bills,8,Delhi,-0.2695759019812537,False,False,1,False,1,False,0,False,Low,No major unusual behaviour detected
514,746.218168979201,Food,16,Bangalore,-0.958342852788255,False,False,1,False,1,False,0,False,Low,No major unusual behaviour detected
515,911.6143347158336,Bills,22,Bangalore,-0.6175808060635727,False,False,1,False,1,False,0,False,Low,No major unusual behaviour detected
516,1577.695612912878,Entertainment,12,Mumbai,0.7547316573634192,False,False,1,False,1,False,0,False,Low,No major unusual behaviour detected
517,1450.4585938121904,Bills,8,Delhi,0.49258805291651886,False,False,1,False,1,False,0,False,Low,No major unusual behaviour detected
518,711.2223776007245,Bills,8,Delhi,-1.0304439044889862,False,False,1,False,1,False,0,False,Low,No major unusual behaviour detected
519,1249.666152714613,Bills,19,Bangalore,0.07889984623700197,False,False,1,False,1,False,0,False,Low,No major unusual behaviour detected
520,1575.6935616858946,Entertainment,21,Bangalore,0.7506068756871567,False,False,1,False,1,False,0,False,Low,No major unusual behaviour detected
521,365.29735943931416,Bills,8,Bangalore,-1.7431455362163952,False,False,-1,True,1,False,20,False,Low,Isolation Forest detected unusual behaviour
522,1471.6800961899676,Shopping,13,Delhi,0.536310242923868,False,False,1,False,1,False,0,False,Low,No major unusual behaviour detected
523,868.6881205270766,Entertainment,9,Mumbai,-0.7060207317411432,False,False,1,False,1,False,0,False,Low,No major unusual behaviour detected
524,1485.2993342965797,Bills,14,Mumbai,0.5643696567039302,False,False,1,False,1,False,0,False,Low,No major unusual behaviour detected
525,818.3704217287416,Entertainment,20,Delhi,-0.8096891689907686,False,False,1,False,1,False,0,False,Low,No major unusual behaviour detected
526,297.55894966774054,Travel,13,Hyderabad,-1.8827054773603284,False,False,1,False,1,False,0,False,Low,No major unusual behaviour detected
527,386.2287810584187,Shopping,13,Mumbai,-1.7000209931532815,False,False,1,False,1,False,0,False,Low,No major unusual behaviour detected
528,1224.0424733306909,Bills,7,Bangalore,0.026107948718736652,False,False,1,False,1,False,0,False,Low,No major unusual behaviour detected
529,1329.861250860741,Travel,23,Hyderabad,0.24412402576892656,False,False,1,False,1,False,0,False,Low,No major unusual behaviour detected
530,747.8416874477957,Travel,15,Hyderabad,-0.9549979537466738,False,False,1,False,1,False,0,False,Low,No major unusual behaviour detected
531,1519.296229388687,Entertainment,19,Mumbai,0.6344127045719069,False,False,1,False,1,False,0,False,Low,No major unusual behaviour detected
532,369.23996886552004,Travel,23,Hyderabad,-1.7350226655831713,False,False,-1,True,1,False,20,False,Low,Isolation Forest detected unusual behaviour
533,1166.9601006763417,Shopping,16,Hyderabad,-0.09149759582919768,False,False,1,False,1,False,0,False,Low,No major unusual behaviour detected
534,594.4919001187717,Shopping,16,Mumbai,-1.2709411145950462,False,False,1,False,1,False,0,False,Low,No major unusual behaviour detected
535,874.0819460989204,Food,10,Mumbai,-0.6949079527153939,False,False,1,False,1,False,0,False,Low,No major unusual behaviour detected
536,1223.699335658207,Shopping,14,Hyderabad,0.025400989793400167,False,False,1,False,1,False,0,False,Low,No major unusual behaviour detected
537,769.7933173580238,Travel,20,Bangalore,-0.909771498200762,False,False,1,False,1,False,0,False,Low,No major unusual behaviour detected
538,1007.7222278850874,Shopping,20,Delhi,-0.4195718483776906,False,False,1,False,1,False,0,False,Low,No major unusual behaviour detected
539,1703.1464046072203,Entertainment,21,Hyderabad,1.0131951371581487,False,False,1,False,1,False,0,False,Low,No major unusual behaviour detected
540,911.5540652384257,Food,10,Hyderabad,-0.617704977929257,False,False,1,False,1,False,0,False,Low,No major unusual behaviour detected
541,1617.846056032571,Travel,19,Bangalore,0.8374527235588444,False,False,1,False,1,False,0,False,Low,No major unusual behaviour detected
542,635.1465726711909,Food,14,Hyderabad,-1.1871811956985963,False,False,1,False,1,False,0,False,Low,No major unusual behaviour detected
543,1464.9020889576414,Travel,18,Hyderabad,0.5223456651664852,False,False,1,False,1,False,0,False,Low,No major unusual behaviour detected
544,1920.7843103289501,Entertainment,20,Delhi,1.461589680455498,False,False,1,False,1,False,0,False,Low,No major unusual behaviour detected
545,35.82225006364456,Food,8,Delhi,-2.4219557862343324,False,False,-1,True,-1,True,40,False,Medium,Isolation Forest detected unusual behaviour; Transaction differs from nearby spending patterns
546,801.5523722647616,Bills,8,Delhi,-0.8443390227630041,False,False,1,False,1,False,0,False,Low,No major unusual behaviour detected
547,1488.53606359027,Travel,17,Mumbai,0.5710382181781299,False,False,1,False,1,False,0,False,Low,No major unusual behaviour detected
548,1098.4773069785037,Bills,15,Mumbai,-0.2325911746432245,False,False,1,False,1,False,0,False,Low,No major unusual behaviour detected
549,1385.5729366856544,Food,18,Delhi,0.35890557468590517,False,False,1,False,1,False,0,False,Low,No major unusual behaviour detected
550,898.0074066420898,Bills,23,Delhi,-0.6456148577563292,False,False,1,False,1,False,0,False,Low,No major unusual behaviour detected
551,1243.29489373645,Bills,21,Mumbai,0.06577328287356249,False,False,1,False,1,False,0,False,Low,No major unusual behaviour detected
552,1122.1613823039602,Food,23,Bangalore,-0.18379540028691146,False,False,1,False,1,False,0,False,Low,No major unusual behaviour detected
553,1783.8910308299037,Entertainment,12,Hyderabad,1.1795514971808705,False,False,1,False,1,False,0,False,Low,No major unusual behaviour detected
554,1327.2104216506066,Bills,23,Hyderabad,0.23866258122370462,False,False,1,False,1,False,0,False,Low,No major unusual behaviour detected
555,1368.8013310376011,Bills,14,Delhi,0.3243514080760798,False,False,1,False,1,False,0,False,Low,No major unusual behaviour detected
556,994.0615169387663,Entertainment,15,Bangalore,-0.44771670772827,False,False,1,False,1,False,0,False,Low,No major unusual behaviour detected
557,956.1968879637532,Bills,12,Mumbai,-0.525728361810638,False,False,1,False,1,False,0,False,Low,No major unusual behaviour detected
558,983.7209060901896,Bills,11,Delhi,-0.46902123858876993,False,False,1,False,1,False,0,False,Low,No major unusual behaviour detected
559,1397.2260711891483,Bills,18,Bangalore,0.3829142688807374,False,False,1,False,1,False,0,False,Low,No major unusual behaviour detected
560,989.5077595898686,Shopping,17,Bangalore,-0.4570987128526746,False,False,1,False,1,False,0,False,Low,No major unusual behaviour detected
561,1344.8874284482065,Entertainment,7,Bangalore,0.2750821257124686,False,False,1,False,1,False,0,False,Low,No major unusual behaviour detected
562,2237.7003993227195,Bills,17,Mumbai,2.1145248597235606,False,False,1,False,-1,True,20,False,Low,Transaction differs from nearby spending patterns
563,1635.562351715846,Entertainment,15,Mumbai,0.8739532140661366,False,False,1,False,1,False,0,False,Low,No major unusual behaviour detected
564,1036.9882339160795,Travel,8,Hyderabad,-0.35927574616660435,False,False,1,False,1,False,0,False,Low,No major unusual behaviour detected
565,1800.6069610819723,Travel,18,Hyderabad,1.2139909570089307,False,False,1,False,1,False,0,False,Low,No major unusual behaviour detected
566,995.9623134892242,Bills,10,Bangalore,-0.44380053881312925,False,False,1,False,1,False,0,False,Low,No major unusual behaviour detected
567,180.93773241107306,Entertainment,10,Bangalore,-2.122977581050965,False,False,-1,True,1,False,20,False,Low,Isolation Forest detected unusual behaviour
568,695.956844541298,Entertainment,21,Mumbai,-1.0618951431951886,False,False,1,False,1,False,0,False,Low,No major unusual behaviour detected
569,264.6040394870722,Entertainment,19,Hyderabad,-1.9506017468583423,False,False,1,False,1,False,0,False,Low,No major unusual behaviour detected
570,1024.2432579793456,Shopping,23,Bangalore,-0.3855339370159244,False,False,1,False,1,False,0,False,Low,No major unusual behaviour detected
571,1209.2091895947758,Travel,12,Hyderabad,-0.004452736306737578,False,False,1,False,1,False,0,False,Low,No major unusual behaviour detected
572,2038.2186561376413,Entertainment,22,Hyderabad,1.7035370548418232,False,False,1,False,-1,True,20,False,Low,Transaction differs from nearby spending patterns
573,1363.4636868820812,Entertainment,18,Bangalore,0.3133543783745614,False,False,1,False,1,False,0,False,Low,No major unusual behaviour detected
574,1090.449735595568,Shopping,11,Mumbai,-0.24913020166658081,False,False,1,False,1,False,0,False,Low,No major unusual behaviour detected
575,1614.7027905917446,Shopping,23,Bangalore,0.8309767235848153,False,False,1,False,1,False,0,False,Low,No major unusual behaviour detected
576,94.43234549605745,Entertainment,7,Bangalore,-2.3012027083783413,False,False,-1,True,-1,True,40,False,Medium,Isolation Forest detected unusual behaviour; Transaction differs from nearby spending patterns
577,1317.807279054283,Food,16,Hyderabad,0.21928949538162118,False,False,1,False,1,False,0,False,Low,No major unusual behaviour detected
578,1585.4325969434835,Entertainment,21,Bangalore,0.7706719937188792,False,False,1,False,1,False,0,False,Low,No major unusual behaviour detected
579,460.7068771100792,Entertainment,17,Mumbai,-1.5465754260587343,False,False,1,False,1,False,0,False,Low,No major unusual behaviour detected
580,1771.8770216034645,Shopping,19,Bangalore,1.1547993008095863,False,False,1,False,1,False,0,False,Low,No major unusual behaviour detected
581,1369.248203747207,Shopping,11,Mumbai,0.325272089994385,False,False,1,False,1,False,0,False,Low,No major unusual behaviour detected
582,992.3560430495993,Entertainment,7,Mumbai,-0.4512304577025799,False,False,1,False,1,False,0,False,Low,No major unusual behaviour detected
583,1516.3909330531424,Entertainment,18,Hyderabad,0.6284269870600613,False,False,1,False,1,False,0,False,Low,No major unusual behaviour detected
584,2335.3464289021977,Entertainment,17,Delhi,2.3157028056925473,False,False,-1,True,-1,True,40,False,Medium,Isolation Forest detected unusual behaviour; Transaction differs from nearby spending patterns
585,1290.9331275292475,Shopping,23,Delhi,0.16392127788471408,False,False,1,False,1,False,0,False,Low,No major unusual behaviour detected
586,1324.110293150168,Entertainment,10,Hyderabad,0.23227545532986055,False,False,1,False,1,False,0,False,Low,No major unusual behaviour detected
587,970.3195502298779,Entertainment,21,Bangalore,-0.4966317544160675,False,False,1,False,1,False,0,False,Low,No major unusual behaviour detected
588,775.0778152676041,Bills,15,Hyderabad,-0.8988839645293447,False,False,1,False,1,False,0,False,Low,No major unusual behaviour detected
589,1615.1679082721228,Food,18,Mumbai,0.8319349952111714,False,False,1,False,1,False,0,False,Low,No major unusual behaviour detected
590,771.9580870455663,Travel,11,Delhi,-0.9053114712942788,False,False,1,False,1,False,0,False,Low,No major unusual behaviour detected
591,1235.7831186096962,Food,16,Hyderabad,0.050296939420691154,False,False,1,False,1,False,0,False,Low,No major unusual behaviour detected
592,961.1712766174417,Bills,23,Bangalore,-0.5154797393514324,False,False,1,False,1,False,0,False,Low,No major unusual behaviour detected
593,1439.4899128731959,Travel,11,Hyderabad,0.4699895231985234,False,False,1,False,1,False,0,False,Low,No major unusual behaviour detected
594,1366.831052643474,Entertainment,22,Delhi,0.32029208726165875,False,False,1,False,1,False,0,False,Low,No major unusual behaviour detected
595,1718.7699721289496,Bills,13,Hyderabad,1.0453840263148855,False,False,1,False,1,False,0,False,Low,No major unusual behaviour detected
596,944.9918005726265,Entertainment,15,Hyderabad,-0.54881395449124,False,False,1,False,1,False,0,False,Low,No major unusual behaviour detected
597,1065.0625323533143,Shopping,9,Delhi,-0.3014348926424358,False,False,1,False,1,False,0,False,Low,No major unusual behaviour detected
598,710.6181421088463,Bills,21,Mumbai,-1.0316887974524902,False,False,1,False,1,False,0,False,Low,No major unusual behaviour detected
599,977.8533699619442,Shopping,22,Mumbai,-0.4811099929524939,False,False,1,False,1,False,0,False,Low,No major unusual behaviour detected
600,1388.6502465224262,Bills,20,Delhi,0.3652456877938119,False,False,1,False,1,False,0,False,Low,No major unusual behaviour detected
601,1578.4943083226758,Bills,9,Hyderabad,0.7563771917767483,False,False,1,False,1,False,0,False,Low,No major unusual behaviour detected
602,738.9173379111874,Shopping,18,Delhi,-0.9733845928820911,False,False,1,False,1,False,0,False,Low,No major unusual behaviour detected
603,1634.80296005283,Travel,15,Mumbai,0.8723886562893436,False,False,1,False,1,False,0,False,Low,No major unusual behaviour detected
604,1877.8189294024755,Food,13,Bangalore,1.3730690604181233,False,False,1,False,1,False,0,False,Low,No major unusual behaviour detected
605,1406.7174516118505,Entertainment,15,Hyderabad,0.4024691491566966,False,False,1,False,1,False,0,False,Low,No major unusual behaviour detected
606,2138.397906279033,Bills,19,Mumbai,1.9099341388702573,False,False,1,False,1,False,0,False,Low,No major unusual behaviour detected
607,813.1054004482135,Entertainment,11,Hyderabad,-0.8205365753959366,False,False,1,False,1,False,0,False,Low,No major unusual behaviour detected
608,577.6726483442915,Shopping,19,Delhi,-1.3055934454609015,False,False,1,False,1,False,0,False,Low,No major unusual behaviour detected
609,310.6398755478607,Entertainment,10,Bangalore,-1.8557551363042881,False,False,1,False,1,False,0,False,Low,No major unusual behaviour detected
610,1948.0221557445916,Shopping,8,Delhi,1.517707208397373,False,False,1,False,1,False,0,False,Low,No major unusual behaviour detected
611,1527.1828281770288,Entertainment,22,Bangalore,0.6506612888897025,False,False,1,False,1,False,0,False,Low,No major unusual behaviour detected
612,1172.2076645447726,Food,15,Hyderabad,-0.08068615654243459,False,False,1,False,1,False,0,False,Low,No major unusual behaviour detected
613,1339.98431315991,Food,15,Hyderabad,0.2649803461849584,False,False,1,False,1,False,0,False,Low,No major unusual behaviour detected
614,637.2554763508117,Food,12,Delhi,-1.1828362682874185,False,False,1,False,1,False,0,False,Low,No major unusual behaviour detected
615,2422.875989808413,Food,17,Bangalore,2.496038015946509,False,False,-1,True,-1,True,40,False,Medium,Isolation Forest detected unusual behaviour; Transaction differs from nearby spending patterns
616,1264.6105909876137,Food,7,Bangalore,0.10968954048642858,False,False,1,False,1,False,0,False,Low,No major unusual behaviour detected
617,1254.6973973024465,Food,10,Hyderabad,0.08926560771452392,False,False,1,False,1,False,0,False,Low,No major unusual behaviour detected
618,1562.883311949346,Shopping,19,Delhi,0.7242142026778468,False,False,1,False,1,False,0,False,Low,No major unusual behaviour detected
619,1440.5046158683567,Bills,19,Bangalore,0.4720800932423252,False,False,1,False,1,False,0,False,Low,No major unusual behaviour detected
620,1311.9420121395656,Entertainment,19,Hyderabad,0.2072054162281283,False,False,1,False,1,False,0,False,Low,No major unusual behaviour detected
621,804.7627722773441,Food,8,Mumbai,-0.8377247069218827,False,False,1,False,1,False,0,False,Low,No major unusual behaviour detected
622,1435.7341785679978,Shopping,15,Delhi,0.4622516672265095,False,False,1,False,1,False,0,False,Low,No major unusual behaviour detected
623,2141.012248237517,Shopping,14,Mumbai,1.915320409541306,False,False,1,False,1,False,0,False,Low,No major unusual behaviour detected
624,1872.7100230774888,Shopping,13,Delhi,1.3625432941884557,False,False,1,False,1,False,0,False,Low,No major unusual behaviour detected
625,1996.5933133196986,Bills,10,Hyderabad,1.6177772855564514,False,False,1,False,1,False,0,False,Low,No major unusual behaviour detected
626,944.3921617844074,Entertainment,9,Bangalore,-0.5500493769682907,False,False,1,False,1,False,0,False,Low,No major unusual behaviour detected
627,705.1975898707096,Bills,12,Bangalore,-1.0428566408351885,False,False,1,False,1,False,0,False,Low,No major unusual behaviour detected
628,1137.1065399501758,Travel,18,Bangalore,-0.15300422392882787,False,False,1,False,1,False,0,False,Low,No major unusual behaviour detected
629,1227.8624561443473,Shopping,18,Delhi,0.033978174465731564,False,False,1,False,1,False,0,False,Low,No major unusual behaviour detected
630,1747.0957592354744,Travel,14,Hyderabad,1.1037430163586863,False,False,1,False,1,False,0,False,Low,No major unusual behaviour detected
631,353.76768514259027,Food,7,Mumbai,-1.7668998680893404,False,False,-1,True,1,False,20,False,Low,Isolation Forest detected unusual behaviour
632,1964.7751597303068,Food,10,Hyderabad,1.5522230504154366,False,False,1,False,1,False,0,False,Low,No major unusual behaviour detected
633,1120.9960507105052,Bills,17,Mumbai,-0.1861963070862322,False,False,1,False,1,False,0,False,Low,No major unusual behaviour detected
634,986.55946502629,Entertainment,9,Delhi,-0.4631730186587236,False,False,1,False,1,False,0,False,Low,No major unusual behaviour detected
635,693.9478123699163,Travel,19,Delhi,-1.0660343075561443,False,False,1,False,1,False,0,False,Low,No major unusual behaviour detected
636,372.5716640671153,Entertainment,23,Mumbai,-1.7281584479581618,False,False,-1,True,1,False,20,False,Low,Isolation Forest detected unusual behaviour
637,1611.5852919809572,Bills,16,Mumbai,0.8245538104384196,False,False,1,False,1,False,0,False,Low,No major unusual behaviour detected
638,1236.658983594202,Food,18,Mumbai,0.05210146459481121,False,False,1,False,1,False,0,False,Low,No major unusual behaviour detected
639,555.019550129473,Entertainment,21,Hyderabad,-1.3522651205747525,False,False,1,False,1,False,0,False,Low,No major unusual behaviour detected
640,552.460613968192,Entertainment,16,Mumbai,-1.3575372399124186,False,False,1,False,1,False,0,False,Low,No major unusual behaviour detected
641,1032.107650354936,Food,20,Delhi,-0.3693311040771038,False,False,1,False,1,False,0,False,Low,No major unusual behaviour detected
642,2034.5107626446966,Travel,19,Delhi,1.6958977642327233,False,False,1,False,-1,True,20,False,Low,Transaction differs from nearby spending patterns
643,1070.2043243181977,Food,11,Bangalore,-0.29084137285929773,False,False,1,False,1,False,0,False,Low,No major unusual behaviour detected
644,448.42852344094695,Entertainment,12,Mumbai,-1.5718722454140595,False,False,1,False,1,False,0,False,Low,No major unusual behaviour detected
645,1077.1284679570279,Travel,8,Hyderabad,-0.27657571350936716,False,False,1,False,1,False,0,False,Low,No major unusual behaviour detected
646,1063.6382151261648,Travel,23,Hyderabad,-0.3043693817906396,False,False,1,False,-1,True,20,False,Low,Transaction differs from nearby spending patterns
647,148.4433214707858,Food,10,Hyderabad,-2.1899250941919703,False,False,-1,True,1,False,20,False,Low,Isolation Forest detected unusual behaviour
648,1172.8525667410938,Entertainment,20,Bangalore,-0.07935747887099688,False,False,1,False,1,False,0,False,Low,No major unusual behaviour detected
649,1084.532734895661,Bills,16,Delhi,-0.261320866788663,False,False,1,False,1,False,0,False,Low,No major unusual behaviour detected
650,1548.103182406709,Entertainment,9,Hyderabad,0.6937630300561985,False,False,1,False,1,False,0,False,Low,No major unusual behaviour detected
651,2124.4780474726726,Shopping,9,Delhi,1.8812553629394595,False,False,1,False,1,False,0,False,Low,No major unusual behaviour detected
652,1763.2825147738786,Bills,21,Bangalore,1.137092229277454,False,False,1,False,1,False,0,False,Low,No major unusual behaviour detected
653,1065.5556547225847,Travel,12,Mumbai,-0.300418923577555,False,False,1,False,1,False,0,False,Low,No major unusual behaviour detected
654,646.7370456291649,Bills,23,Mumbai,-1.1633016016942503,False,False,1,False,1,False,0,False,Low,No major unusual behaviour detected
655,2486.67990162493,Travel,18,Mumbai,2.6274917983410666,False,False,-1,True,-1,True,40,False,Medium,Isolation Forest detected unusual behaviour; Transaction differs from nearby spending patterns
656,1229.609217007244,Travel,17,Hyderabad,0.03757698707500978,False,False,1,False,1,False,0,False,Low,No major unusual behaviour detected
657,1206.964645956473,Bills,10,Mumbai,-0.009077119712147442,False,False,1,False,1,False,0,False,Low,No major unusual behaviour detected
658,1187.9374564449984,Travel,12,Hyderabad,-0.04827841565798499,False,False,1,False,1,False,0,False,Low,No major unusual behaviour detected
659,1299.0423803839274,Travel,7,Bangalore,0.18062859143011303,False,False,1,False,1,False,0,False,Low,No major unusual behaviour detected
660,1127.8197940380287,Shopping,22,Bangalore,-0.17213750026773897,False,False,1,False,1,False,0,False,Low,No major unusual behaviour detected
661,913.1689965598819,Entertainment,21,Hyderabad,-0.6143777707962,False,False,1,False,1,False,0,False,Low,No major unusual behaviour detected
662,926.5705293798039,Entertainment,23,Delhi,-0.5867668903829476,False,False,1,False,1,False,0,False,Low,No major unusual behaviour detected
663,1183.6233648920008,Shopping,14,Mumbai,-0.05716664266620941,False,False,1,False,1,False,0,False,Low,No major unusual behaviour detected
664,928.2876144331176,Bills,18,Mumbai,-0.5832292181850368,False,False,1,False,1,False,0,False,Low,No major unusual behaviour detected
665,843.5771086614178,Food,16,Mumbai,-0.7577563917581667,False,False,1,False,1,False,0,False,Low,No major unusual behaviour detected
666,1253.2151138459485,Food,21,Hyderabad,0.08621169203145615,False,False,1,False,1,False,0,False,Low,No major unusual behaviour detected
667,1072.5113912895724,Food,15,Bangalore,-0.2860881740194382,False,False,1,False,1,False,0,False,Low,No major unusual behaviour detected
668,1951.9964942913443,Shopping,8,Mumbai,1.525895449832938,False,False,1,False,1,False,0,False,Low,No major unusual behaviour detected
669,125.48490419650602,Shopping,11,Bangalore,-2.2372258113827206,False,False,-1,True,1,False,20,False,Low,Isolation Forest detected unusual behaviour
670,1745.7534259612307,Travel,12,Mumbai,1.1009774369277445,False,False,1,False,1,False,0,False,Low,No major unusual behaviour detected
671,1823.0425962488146,Food,13,Mumbai,1.2602145978350139,False,False,1,False,-1,True,20,False,Low,Transaction differs from nearby spending patterns
672,163.3048837959252,Bills,7,Hyderabad,-2.1593061474172006,False,False,-1,True,1,False,20,False,Low,Isolation Forest detected unusual behaviour
673,1028.6562029598256,Bills,13,Delhi,-0.3764420444866485,False,False,1,False,1,False,0,False,Low,No major unusual behaviour detected
674,1014.2795670021043,Food,18,Hyderabad,-0.4060619082371158,False,False,1,False,1,False,0,False,Low,No major unusual behaviour detected
675,496.2441526410894,Food,22,Mumbai,-1.4733587665852077,False,False,1,False,1,False,0,False,Low,No major unusual behaviour detected
676,811.0916562045624,Food,22,Mumbai,-0.824685447934731,False,False,1,False,1,False,0,False,Low,No major unusual behaviour detected
677,644.7120772670856,Shopping,17,Delhi,-1.1674735990349483,False,False,1,False,1,False,0,False,Low,No major unusual behaviour detected
678,2076.1352217118115,Shopping,10,Bangalore,1.781655712745893,False,False,1,False,1,False,0,False,Low,No major unusual behaviour detected
679,1667.8391965737305,Shopping,19,Bangalore,0.9404524806398339,False,False,1,False,1,False,0,False,Low,No major unusual behaviour detected
680,1835.7775474970795,Entertainment,13,Mumbai,1.2864521350413352,False,False,1,False,1,False,0,False,Low,No major unusual behaviour detected
681,1560.8360320216175,Bills,10,Bangalore,0.7199962373139941,False,False,1,False,1,False,0,False,Low,No major unusual behaviour detected
682,635.4741143913853,Bills,21,Mumbai,-1.1865063687673667,False,False,1,False,1,False,0,False,Low,No major unusual behaviour detected
683,937.7398668601131,Travel,15,Delhi,-0.563754952449577,False,False,1,False,1,False,0,False,Low,No major unusual behaviour detected
684,1444.687280613959,Shopping,17,Delhi,0.48069754451833707,False,False,1,False,1,False,0,False,Low,No major unusual behaviour detected
685,588.9360955540274,Entertainment,14,Mumbai,-1.2823876153422233,False,False,1,False,1,False,0,False,Low,No major unusual behaviour detected
686,1556.499215086194,Entertainment,7,Delhi,0.711061189705101,False,False,1,False,1,False,0,False,Low,No major unusual behaviour detected
687,1079.8373009209324,Bills,14,Hyderabad,-0.2709947651185487,False,False,1,False,1,False,0,False,Low,No major unusual behaviour detected
688,1012.5895962252013,Shopping,19,Hyderabad,-0.4095437174935611,False,False,1,False,1,False,0,False,Low,No major unusual behaviour detected
689,1555.4799841017457,Travel,10,Delhi,0.7089612907455395,False,False,1,False,1,False,0,False,Low,No major unusual behaviour detected
690,1422.1316557430198,Shopping,14,Mumbai,0.43422669156994215,False,False,1,False,1,False,0,False,Low,No major unusual behaviour detected
691,1019.5169170904601,Food,9,Mumbai,-0.3952715121745876,False,False,1,False,1,False,0,False,Low,No major unusual behaviour detected
692,1779.664901682124,Shopping,15,Delhi,1.1708444971624217,False,False,1,False,1,False,0,False,Low,No major unusual behaviour detected
693,659.4683362000513,Food,8,Bangalore,-1.1370716065002262,False,False,1,False,1,False,0,False,Low,No major unusual behaviour detected
694,1507.967803472132,Food,8,Hyderabad,0.6110730002667832,False,False,1,False,1,False,0,False,Low,No major unusual behaviour detected
695,1496.550628984192,Travel,19,Bangalore,0.5875504492511913,False,False,1,False,1,False,0,False,Low,No major unusual behaviour detected
696,1045.226780343005,Bills,21,Mumbai,-0.3423020519459912,False,False,1,False,1,False,0,False,Low,No major unusual behaviour detected
697,1363.066511121059,Shopping,18,Mumbai,0.3125360859756259,False,False,1,False,1,False,0,False,Low,No major unusual behaviour detected
698,574.4432118073486,Food,10,Bangalore,-1.3122469818303506,False,False,1,False,1,False,0,False,Low,No major unusual behaviour detected
699,1662.0135096034505,Shopping,14,Delhi,0.9284499471667725,False,False,1,False,1,False,0,False,Low,No major unusual behaviour detected
700,1107.5489317785054,Bills,15,Bangalore,-0.21390110755370492,False,False,1,False,1,False,0,False,Low,No major unusual behaviour detected
701,938.6384897404803,Bills,11,Bangalore,-0.5619035396880795,False,False,1,False,1,False,0,False,Low,No major unusual behaviour detected
702,1724.5046129184448,Entertainment,17,Hyderabad,1.057198979363863,False,False,1,False,1,False,0,False,Low,No major unusual behaviour detected
703,847.8281547286203,Bills,21,Hyderabad,-0.7489980559640497,False,False,1,False,1,False,0,False,Low,No major unusual behaviour detected
704,495.7693518182201,Travel,15,Bangalore,-1.47433698817497,False,False,1,False,1,False,0,False,Low,No major unusual behaviour detected
705,421.6854132380481,Food,23,Bangalore,-1.6269704813854702,False,False,-1,True,1,False,20,False,Low,Isolation Forest detected unusual behaviour
706,1503.00497567282,Entertainment,18,Mumbai,0.6008481963790766,False,False,1,False,1,False,0,False,Low,No major unusual behaviour detected
707,559.7853237518584,Travel,13,Hyderabad,-1.3424463030310827,False,False,1,False,1,False,0,False,Low,No major unusual behaviour detected
708,2077.3970909921823,Shopping,16,Hyderabad,1.7842555139974097,False,False,1,False,1,False,0,False,Low,No major unusual behaviour detected
709,159.035296058139,Food,16,Mumbai,-2.1681026842034004,False,False,-1,True,1,False,20,False,Low,Isolation Forest detected unusual behaviour
710,2048.228184145019,Bills,19,Delhi,1.724159463078138,False,False,1,False,-1,True,20,False,Low,Transaction differs from nearby spending patterns
711,1305.5087336013091,Food,17,Hyderabad,0.19395107534251793,False,False,1,False,1,False,0,False,Low,No major unusual behaviour detected
712,1151.6434440648038,Shopping,19,Hyderabad,-0.1230541632543322,False,False,1,False,1,False,0,False,Low,No major unusual behaviour detected
713,927.5404565955251,Entertainment,14,Delhi,-0.5847685708830298,False,False,1,False,1,False,0,False,Low,No major unusual behaviour detected
714,1399.5680571760354,Entertainment,14,Hyderabad,0.38773941059268574,False,False,1,False,1,False,0,False,Low,No major unusual behaviour detected
715,1181.1826487875758,Entertainment,10,Hyderabad,-0.062195195846469556,False,False,1,False,1,False,0,False,Low,No major unusual behaviour detected
716,1751.6509410082608,Bills,21,Delhi,1.1131279561919916,False,False,1,False,1,False,0,False,Low,No major unusual behaviour detected
717,1257.1138243310197,Travel,17,Delhi,0.09424411865128071,False,False,1,False,1,False,0,False,Low,No major unusual behaviour detected
718,1275.1508807309388,Travel,17,Bangalore,0.1314054653387972,False,False,1,False,1,False,0,False,Low,No major unusual behaviour detected
719,1018.1938938930721,Food,7,Mumbai,-0.3979973074830717,False,False,1,False,1,False,0,False,Low,No major unusual behaviour detected
720,1171.5271881394663,Bills,23,Mumbai,-0.08208812696652087,False,False,1,False,1,False,0,False,Low,No major unusual behaviour detected
721,1353.9008844460295,Entertainment,21,Delhi,0.2936523489108215,False,False,1,False,1,False,0,False,Low,No major unusual behaviour detected
722,344.9158036716872,Entertainment,12,Delhi,-1.785137202878542,False,False,1,False,1,False,0,False,Low,No major unusual behaviour detected
723,525.9072889471435,Shopping,21,Hyderabad,-1.4122444656888995,False,False,1,False,1,False,0,False,Low,No major unusual behaviour detected
724,1571.6320470113574,Shopping,15,Bangalore,0.7422390272117486,False,False,1,False,1,False,0,False,Low,No major unusual behaviour detected
725,1285.432719063971,Entertainment,20,Bangalore,0.15258890849089182,False,False,1,False,1,False,0,False,Low,No major unusual behaviour detected
726,1108.0083318236605,Entertainment,23,Delhi,-0.21295461584420722,False,False,1,False,1,False,0,False,Low,No major unusual behaviour detected
727,1209.2169665326967,Bills,11,Hyderabad,-0.004436713654269384,False,False,1,False,1,False,0,False,Low,No major unusual behaviour detected
728,1373.7908526808355,Travel,15,Hyderabad,0.3346312086975345,False,False,1,False,1,False,0,False,Low,No major unusual behaviour detected
729,930.1201598453192,Shopping,17,Mumbai,-0.5794536655741491,False,False,1,False,1,False,0,False,Low,No major unusual behaviour detected
730,810.8476372988437,Travel,7,Mumbai,-0.825188194666385,False,False,1,False,1,False,0,False,Low,No major unusual behaviour detected
731,1297.9226275488409,Bills,12,Hyderabad,0.17832158953432886,False,False,1,False,1,False,0,False,Low,No major unusual behaviour detected
732,710.8136111924839,Entertainment,8,Mumbai,-1.0312860768409509,False,False,1,False,1,False,0,False,Low,No major unusual behaviour detected
733,1404.1263778572359,Travel,21,Delhi,0.39713081744927947,False,False,1,False,1,False,0,False,Low,No major unusual behaviour detected
734,348.70819788107985,Entertainment,20,Hyderabad,-1.777323817320153,False,False,1,False,1,False,0,False,Low,No major unusual behaviour detected
735,1714.5778186628218,Entertainment,11,Mumbai,1.0367470256387248,False,False,1,False,1,False,0,False,Low,No major unusual behaviour detected
736,1436.2987412065215,Food,12,Bangalore,0.4634148230914041,False,False,1,False,1,False,0,False,Low,No major unusual behaviour detected
737,1328.0148671569377,Travel,12,Hyderabad,0.24031996243320844,False,False,1,False,1,False,0,False,Low,No major unusual behaviour detected
738,1691.345491972757,Travel,20,Hyderabad,0.9888819789623159,False,False,1,False,1,False,0,False,Low,No major unusual behaviour detected
739,2032.7372222312883,Entertainment,16,Bangalore,1.6922437783103152,False,False,1,False,-1,True,20,False,Low,Transaction differs from nearby spending patterns
740,1707.1850325090652,Bills,20,Delhi,1.021515832524107,False,False,1,False,1,False,0,False,Low,No major unusual behaviour detected
741,279.5628843341774,Food,19,Bangalore,-1.9197823710642665,False,False,1,False,1,False,0,False,Low,No major unusual behaviour detected
742,560.2115166321493,Entertainment,9,Hyderabad,-1.3415682273058047,False,False,1,False,1,False,0,False,Low,No major unusual behaviour detected
743,887.5907111521606,Shopping,12,Delhi,-0.6670761441135248,False,False,1,False,1,False,0,False,Low,No major unusual behaviour detected
744,1213.0455251054168,Shopping,14,Mumbai,0.00345118053865192,False,False,1,False,1,False,0,False,Low,No major unusual behaviour detected
745,1458.8295102345614,Food,18,Mumbai,0.5098344660987358,False,False,1,False,1,False,0,False,Low,No major unusual behaviour detected
746,837.1280934232673,Bills,19,Mumbai,-0.7710431546170478,False,False,1,False,1,False,0,False,Low,No major unusual behaviour detected
747,1293.383382238539,Entertainment,17,Hyderabad,0.16896948324072292,False,False,1,False,1,False,0,False,Low,No major unusual behaviour detected
748,822.3085338233387,Travel,18,Bangalore,-0.8015755641099698,False,False,1,False,1,False,0,False,Low,No major unusual behaviour detected
749,894.2410985040259,Food,7,Delhi,-0.6533744987613457,False,False,1,False,1,False,0,False,Low,No major unusual behaviour detected
750,496.66945157588884,Bills,23,Mumbai,-1.4724825326359705,False,False,1,False,1,False,0,False,Low,No major unusual behaviour detected
751,738.3833769445479,Travel,22,Delhi,-0.974484700802083,False,False,1,False,1,False,0,False,Low,No major unusual behaviour detected
752,524.1576971918332,Shopping,17,Hyderabad,-1.4158491107229416,False,False,1,False,1,False,0,False,Low,No major unusual behaviour detected
753,712.0633735113336,Shopping,19,Mumbai,-1.0287112192933536,False,False,1,False,1,False,0,False,Low,No major unusual behaviour detected
754,1726.8208983039199,Travel,17,Hyderabad,1.0619711706975472,False,False,1,False,1,False,0,False,Low,No major unusual behaviour detected
755,725.3005555840284,Food,18,Bangalore,-1.0014389470742902,False,False,1,False,1,False,0,False,Low,No major unusual behaviour detected
756,2516.1910324186956,Shopping,12,Hyderabad,2.6882929256565347,False,True,-1,True,-1,True,60,False,Medium,Transaction is outside the normal spending range; Isolation Forest detected unusual behaviour; Transaction differs from nearby spending patterns
757,1446.6589504404446,Entertainment,15,Hyderabad,0.484759732069942,False,False,1,False,1,False,0,False,Low,No major unusual behaviour detected
758,1292.418061847437,Travel,22,Bangalore,0.16698065507924786,False,False,1,False,1,False,0,False,Low,No major unusual behaviour detected
759,770.8211099093933,Travel,10,Delhi,-0.9076539600350301,False,False,1,False,1,False,0,False,Low,No major unusual behaviour detected
760,1550.1549397044957,Shopping,9,Bangalore,0.697990220046137,False,False,1,False,1,False,0,False,Low,No major unusual behaviour detected
761,912.1810868811131,Food,22,Bangalore,-0.616413139165334,False,False,1,False,1,False,0,False,Low,No major unusual behaviour detected
762,1261.0049073226808,Entertainment,18,Hyderabad,0.10226083051584328,False,False,1,False,1,False,0,False,Low,No major unusual behaviour detected
763,2480.0422691343974,Food,17,Delhi,2.613816431546398,False,False,-1,True,-1,True,40,False,Medium,Isolation Forest detected unusual behaviour; Transaction differs from nearby spending patterns
764,1151.9700501376751,Bills,11,Mumbai,-0.12238126401650129,False,False,1,False,1,False,0,False,Low,No major unusual behaviour detected
765,1774.6366631428377,Bills,12,Bangalore,1.1604849289799555,False,False,1,False,1,False,0,False,Low,No major unusual behaviour detected
766,848.4117874370563,Shopping,12,Delhi,-0.7477956104576721,False,False,1,False,1,False,0,False,Low,No major unusual behaviour detected
767,1182.5057547515191,Shopping,10,Bangalore,-0.05946923001588975,False,False,1,False,1,False,0,False,Low,No major unusual behaviour detected
768,2085.400317817755,Shopping,18,Bangalore,1.8007443844699371,False,False,1,False,1,False,0,False,Low,No major unusual behaviour detected
769,886.5164711061163,Bills,8,Bangalore,-0.66928937702091,False,False,1,False,1,False,0,False,Low,No major unusual behaviour detected
770,2106.2242789984643,Food,23,Bangalore,1.8436475291785828,False,False,-1,True,1,False,20,False,Low,Isolation Forest detected unusual behaviour
771,1553.8759677277376,Food,17,Hyderabad,0.7056565714362826,False,False,1,False,1,False,0,False,Low,No major unusual behaviour detected
772,918.7666120528662,Shopping,17,Delhi,-0.6028451279222143,False,False,1,False,1,False,0,False,Low,No major unusual behaviour detected
773,1516.2038695277604,Entertainment,22,Delhi,0.6280415842335036,False,False,1,False,1,False,0,False,Low,No major unusual behaviour detected
774,1686.277224813365,Food,8,Delhi,0.9784399407029043,False,False,1,False,1,False,0,False,Low,No major unusual behaviour detected
775,1510.9049811085983,Bills,8,Bangalore,0.6171244021148166,False,False,1,False,1,False,0,False,Low,No major unusual behaviour detected
776,414.88764005477174,Travel,14,Hyderabad,-1.6409757824925826,False,False,1,False,1,False,0,False,Low,No major unusual behaviour detected
777,836.4314120875657,Travel,19,Bangalore,-0.7724785116993067,False,False,1,False,1,False,0,False,Low,No major unusual behaviour detected
778,1076.2406822242476,Travel,16,Bangalore,-0.2784047987363904,False,False,1,False,1,False,0,False,Low,No major unusual behaviour detected
779,1162.7832854499768,Entertainment,14,Delhi,-0.10010299547064576,False,False,1,False,1,False,0,False,Low,No major unusual behaviour detected
780,1510.336048775339,Shopping,10,Bangalore,0.6159522434649114,False,False,1,False,1,False,0,False,Low,No major unusual behaviour detected
781,1288.850500466627,Bills,21,Mumbai,0.15963048760392343,False,False,1,False,1,False,0,False,Low,No major unusual behaviour detected
782,532.3278206449494,Entertainment,7,Bangalore,-1.3990163868355547,False,False,1,False,1,False,0,False,Low,No major unusual behaviour detected
783,1390.0989255029817,Bills,17,Mumbai,0.36823036892146993,False,False,1,False,1,False,0,False,Low,No major unusual behaviour detected
784,1505.2928726419116,Bills,13,Bangalore,0.6055618996890089,False,False,1,False,1,False,0,False,Low,No major unusual behaviour detected
785,1479.89522396552,Shopping,23,Hyderabad,0.5532356882171987,False,False,1,False,1,False,0,False,Low,No major unusual behaviour detected
786,1740.3903627773109,Travel,18,Hyderabad,1.0899280369665847,False,False,1,False,1,False,0,False,Low,No major unusual behaviour detected
787,1616.961077274452,Shopping,15,Delhi,0.8356294214793714,False,False,1,False,1,False,0,False,Low,No major unusual behaviour detected
788,1429.5900396142183,Entertainment,11,Bangalore,0.44959303420484314,False,False,1,False,1,False,0,False,Low,No major unusual behaviour detected
789,1164.9171442706765,Entertainment,16,Mumbai,-0.09570665353657085,False,False,1,False,1,False,0,False,Low,No major unusual behaviour detected
790,369.5195332420043,Entertainment,10,Mumbai,-1.734446685307584,False,False,1,False,1,False,0,False,Low,No major unusual behaviour detected
791,1414.809109566293,Shopping,11,Bangalore,0.41914021231992926,False,False,1,False,1,False,0,False,Low,No major unusual behaviour detected
792,1303.8438435815556,Bills,16,Mumbai,0.19052093941296983,False,False,1,False,1,False,0,False,Low,No major unusual behaviour detected
793,1335.7894185976868,Bills,17,Hyderabad,0.25633769808939366,False,False,1,False,1,False,0,False,Low,No major unusual behaviour detected
794,561.6257120898453,Food,16,Mumbai,-1.3386545918143957,False,False,1,False,1,False,0,False,Low,No major unusual behaviour detected
795,659.4717297958688,Entertainment,14,Delhi,-1.137064614750137,False,False,1,False,1,False,0,False,Low,No major unusual behaviour detected
796,1726.5764266664519,Bills,8,Hyderabad,1.0614674912127255,False,False,1,False,1,False,0,False,Low,No major unusual behaviour detected
797,1180.2224230716724,Food,14,Hyderabad,-0.06417352756178829,False,False,1,False,1,False,0,False,Low,No major unusual behaviour detected
798,1540.7503486863122,Bills,22,Hyderabad,0.6786141500526657,False,False,1,False,1,False,0,False,Low,No major unusual behaviour detected
799,1214.1591880652306,Entertainment,11,Bangalore,0.0057456355996713835,False,False,1,False,1,False,0,False,Low,No major unusual behaviour detected
800,1214.8780697478726,Travel,9,Bangalore,0.007226731563649331,False,False,1,False,1,False,0,False,Low,No major unusual behaviour detected
801,1669.141902987999,Entertainment,18,Hyderabad,0.943136417731304,False,False,1,False,1,False,0,False,Low,No major unusual behaviour detected
802,941.9776358913131,Shopping,19,Bangalore,-0.5550239710378456,False,False,1,False,1,False,0,False,Low,No major unusual behaviour detected
803,1248.0603884704917,Bills,19,Mumbai,0.07559152582977215,False,False,1,False,1,False,0,False,Low,No major unusual behaviour detected
804,968.8623556474788,Bills,16,Bangalore,-0.4996339800490675,False,False,1,False,1,False,0,False,Low,No major unusual behaviour detected
805,982.7518862838422,Shopping,10,Bangalore,-0.4710176885733089,False,False,1,False,1,False,0,False,Low,No major unusual behaviour detected
806,1045.4139382656804,Shopping,15,Hyderabad,-0.3419164546347866,False,False,1,False,1,False,0,False,Low,No major unusual behaviour detected
807,1311.0668858168565,Travel,8,Delhi,0.20540241290250197,False,False,1,False,1,False,0,False,Low,No major unusual behaviour detected
808,960.6256891682614,Bills,7,Delhi,-0.5166038010551725,False,False,1,False,1,False,0,False,Low,No major unusual behaviour detected
809,1827.8780627867604,Bills,13,Delhi,1.2701770021446936,False,False,1,False,-1,True,20,False,Low,Transaction differs from nearby spending patterns
810,752.696348890248,Travel,23,Mumbai,-0.944996002601569,False,False,1,False,1,False,0,False,Low,No major unusual behaviour detected
811,1106.5641779193204,Food,9,Bangalore,-0.215929974057843,False,False,1,False,-1,True,20,False,Low,Transaction differs from nearby spending patterns
812,980.1344708629125,Travel,9,Delhi,-0.47641029143077157,False,False,1,False,1,False,0,False,Low,No major unusual behaviour detected
813,1923.4889421768664,Entertainment,9,Hyderabad,1.4671619733803551,False,False,1,False,1,False,0,False,Low,No major unusual behaviour detected
814,1298.2773882557874,Bills,23,Delhi,0.17905249513941462,False,False,1,False,1,False,0,False,Low,No major unusual behaviour detected
815,1715.9222697343175,Shopping,13,Delhi,1.0395169683203078,False,False,1,False,1,False,0,False,Low,No major unusual behaviour detected
816,457.21981348151405,Entertainment,20,Bangalore,-1.5537597458030092,False,False,1,False,1,False,0,False,Low,No major unusual behaviour detected
817,1333.5251329346295,Bills,23,Bangalore,0.25167264062886346,False,False,1,False,1,False,0,False,Low,No major unusual behaviour detected
818,1644.8153978117184,Travel,19,Bangalore,0.8930170594220688,False,False,1,False,1,False,0,False,Low,No major unusual behaviour detected
819,1241.141994637712,Entertainment,10,Mumbai,0.061337712677541005,False,False,1,False,1,False,0,False,Low,No major unusual behaviour detected
820,1732.7401875326755,Bills,7,Mumbai,1.0741665508247866,False,False,1,False,1,False,0,False,Low,No major unusual behaviour detected
821,941.3557749498138,Food,7,Delhi,-0.5563051773237329,False,False,1,False,1,False,0,False,Low,No major unusual behaviour detected
822,1904.67372009279,Food,19,Bangalore,1.4283973892172697,False,False,1,False,1,False,0,False,Low,No major unusual behaviour detected
823,2349.449061809625,Shopping,16,Delhi,2.3447581470442573,False,False,-1,True,-1,True,40,False,Medium,Isolation Forest detected unusual behaviour; Transaction differs from nearby spending patterns
824,1018.5807197801705,Bills,17,Hyderabad,-0.3972003386995048,False,False,1,False,1,False,0,False,Low,No major unusual behaviour detected
825,977.248739299614,Food,15,Hyderabad,-0.48235570007690326,False,False,1,False,1,False,0,False,Low,No major unusual behaviour detected
826,1926.6922385588505,Travel,15,Bangalore,1.4737616537691303,False,False,1,False,1,False,0,False,Low,No major unusual behaviour detected
827,1989.7860728653563,Bills,11,Bangalore,1.6037524792410354,False,False,1,False,1,False,0,False,Low,No major unusual behaviour detected
828,938.5699864233659,Travel,7,Hyderabad,-0.5620446755508328,False,False,1,False,1,False,0,False,Low,No major unusual behaviour detected
829,989.9065914520713,Travel,23,Bangalore,-0.45627700842525976,False,False,1,False,1,False,0,False,Low,No major unusual behaviour detected
830,1059.1076955697463,Food,8,Mumbai,-0.3137035106073238,False,False,1,False,1,False,0,False,Low,No major unusual behaviour detected
831,527.7747444828615,Bills,19,Mumbai,-1.4083969885259047,False,False,1,False,1,False,0,False,Low,No major unusual behaviour detected
832,740.674026757901,Entertainment,15,Bangalore,-0.9697653258682611,False,False,1,False,1,False,0,False,Low,No major unusual behaviour detected
833,697.929616623966,Food,10,Hyderabad,-1.0578306846896528,False,False,1,False,1,False,0,False,Low,No major unusual behaviour detected
834,816.1012174479358,Food,11,Delhi,-0.8143643601702006,False,False,1,False,1,False,0,False,Low,No major unusual behaviour detected
835,1182.6575563066094,Bills,17,Bangalore,-0.05915647664353574,False,False,1,False,1,False,0,False,Low,No major unusual behaviour detected
836,1317.1073662682604,Bills,9,Bangalore,0.21784748061403805,False,False,1,False,1,False,0,False,Low,No major unusual behaviour detected
837,1975.2502464070385,Travel,18,Delhi,1.5738046388379001,False,False,1,False,1,False,0,False,Low,No major unusual behaviour detected
838,700.8229796306046,Bills,19,Bangalore,-1.0518695531503064,False,False,1,False,1,False,0,False,Low,No major unusual behaviour detected
839,1692.1611992382918,Travel,13,Delhi,0.9905625625241772,False,False,1,False,1,False,0,False,Low,No major unusual behaviour detected
840,1093.0055778872456,Food,21,Hyderabad,-0.24386445655974195,False,False,1,False,1,False,0,False,Low,No major unusual behaviour detected
841,1175.2681451737835,Shopping,13,Mumbai,-0.07438071627749118,False,False,1,False,1,False,0,False,Low,No major unusual behaviour detected
842,1537.4097460833018,Entertainment,14,Hyderabad,0.6717315807063589,False,False,1,False,1,False,0,False,Low,No major unusual behaviour detected
843,638.6389892188507,Food,11,Mumbai,-1.179985847454002,False,False,1,False,1,False,0,False,Low,No major unusual behaviour detected
844,1391.2048730920253,Bills,20,Delhi,0.3705089281754542,False,False,1,False,1,False,0,False,Low,No major unusual behaviour detected
845,1283.226104106528,Entertainment,10,Mumbai,0.14804266870423982,False,False,1,False,1,False,0,False,Low,No major unusual behaviour detected
846,1446.2256320040747,Shopping,16,Hyderabad,0.4838669757197368,False,False,1,False,1,False,0,False,Low,No major unusual behaviour detected
847,1344.584321953909,Shopping,21,Mumbai,0.27445764213443435,False,False,1,False,1,False,0,False,Low,No major unusual behaviour detected
848,2427.650069955447,Travel,19,Delhi,2.5058739472384195,False,False,-1,True,-1,True,40,False,Medium,Isolation Forest detected unusual behaviour; Transaction differs from nearby spending patterns
849,881.130007874342,Entertainment,14,Mumbai,-0.680386987580936,False,False,1,False,1,False,0,False,Low,No major unusual behaviour detected
850,934.5015224990912,Travel,15,Bangalore,-0.5704268414111284,False,False,1,False,1,False,0,False,Low,No major unusual behaviour detected
851,888.4297367876178,Food,22,Hyderabad,-0.6653475182320268,False,False,1,False,1,False,0,False,Low,No major unusual behaviour detected
852,922.2614404198727,Entertainment,22,Bangalore,-0.595644810659788,False,False,1,False,1,False,0,False,Low,No major unusual behaviour detected
853,881.3064363467412,Food,13,Delhi,-0.6800234959178282,False,False,1,False,1,False,0,False,Low,No major unusual behaviour detected
854,1794.5082655537758,Travel,20,Mumbai,1.2014259500676687,False,False,1,False,1,False,0,False,Low,No major unusual behaviour detected
855,1910.2521239949274,Entertainment,20,Bangalore,1.4398904508773336,False,False,1,False,1,False,0,False,Low,No major unusual behaviour detected
856,914.6268531252618,Travel,10,Bangalore,-0.6113741812943675,False,False,1,False,1,False,0,False,Low,No major unusual behaviour detected
857,783.8222134478856,Entertainment,21,Mumbai,-0.8808680751765462,False,False,1,False,1,False,0,False,Low,No major unusual behaviour detected
858,1435.707778193202,Travel,9,Mumbai,0.46219727512068526,False,False,1,False,1,False,0,False,Low,No major unusual behaviour detected
859,923.8884778595143,Shopping,11,Hyderabad,-0.5922926615603172,False,False,1,False,1,False,0,False,Low,No major unusual behaviour detected
860,1516.4659088777553,Travel,7,Bangalore,0.6285814580862558,False,False,1,False,1,False,0,False,Low,No major unusual behaviour detected
861,1301.4615104256497,Shopping,9,Bangalore,0.1856126713248255,False,False,1,False,1,False,0,False,Low,No major unusual behaviour detected
862,442.12794250138404,Travel,21,Delhi,-1.5848531923843703,False,False,1,False,1,False,0,False,Low,No major unusual behaviour detected
863,1973.752600665031,Entertainment,14,Hyderabad,1.570719072579202,False,False,1,False,1,False,0,False,Low,No major unusual behaviour detected
864,2097.9388365477607,Entertainment,10,Delhi,1.8265772161217668,False,False,1,False,1,False,0,False,Low,No major unusual behaviour detected
865,893.6056547578069,Entertainment,8,Bangalore,-0.6546836893981154,False,False,1,False,1,False,0,False,Low,No major unusual behaviour detected
866,1006.1492200320079,Bills,16,Delhi,-0.4228126815199952,False,False,1,False,1,False,0,False,Low,No major unusual behaviour detected
867,1342.9326953624525,Food,10,Bangalore,0.27105483255161833,False,False,1,False,1,False,0,False,Low,No major unusual behaviour detected
868,1367.2283949935124,Entertainment,9,Bangalore,0.32111072288024417,False,False,1,False,1,False,0,False,Low,No major unusual behaviour detected
869,1529.2721363364153,Shopping,8,Delhi,0.6549658440857693,False,False,1,False,1,False,0,False,Low,No major unusual behaviour detected
870,2205.1022693831746,Entertainment,23,Delhi,2.047363656632042,False,False,-1,True,-1,True,40,False,Medium,Isolation Forest detected unusual behaviour; Transaction differs from nearby spending patterns
871,1111.5263862529753,Bills,19,Mumbai,-0.20570644644147099,False,False,1,False,1,False,0,False,Low,No major unusual behaviour detected
872,800.8513777307732,Shopping,11,Mumbai,-0.845783266231895,False,False,1,False,1,False,0,False,Low,No major unusual behaviour detected
873,510.3403859927364,Bills,15,Mumbai,-1.4443166100961344,False,False,1,False,1,False,0,False,Low,No major unusual behaviour detected
874,834.5349800290405,Shopping,12,Bangalore,-0.7763856885486562,False,False,1,False,1,False,0,False,Low,No major unusual behaviour detected
875,1183.4365135631015,Travel,11,Delhi,-0.05755160830906694,False,False,1,False,1,False,0,False,Low,No major unusual behaviour detected
876,2097.278931758894,Food,16,Hyderabad,1.8252176289421238,False,False,1,False,1,False,0,False,Low,No major unusual behaviour detected
877,941.1943504819143,Food,14,Bangalore,-0.5566377565696174,False,False,1,False,1,False,0,False,Low,No major unusual behaviour detected
878,1311.8939758194492,Bills,13,Hyderabad,0.20710644806470646,False,False,1,False,1,False,0,False,Low,No major unusual behaviour detected
879,1191.788551963624,Food,13,Delhi,-0.04034408909597274,False,False,1,False,1,False,0,False,Low,No major unusual behaviour detected
880,1794.196636724042,Bills,12,Bangalore,1.200783908111221,False,False,1,False,1,False,0,False,Low,No major unusual behaviour detected
881,2463.4662129368107,Bills,9,Hyderabad,2.5796651511261053,False,False,-1,True,-1,True,40,False,Medium,Isolation Forest detected unusual behaviour; Transaction differs from nearby spending patterns
882,934.5656135398397,Bills,21,Hyderabad,-0.5702947960633726,False,False,1,False,1,False,0,False,Low,No major unusual behaviour detected
883,955.2802787408889,Food,10,Mumbai,-0.5276168314340953,False,False,1,False,1,False,0,False,Low,No major unusual behaviour detected
884,1722.080438534536,Bills,18,Mumbai,1.0522045067229815,False,False,1,False,1,False,0,False,Low,No major unusual behaviour detected
885,1540.9457448131557,Food,12,Mumbai,0.6790167203529426,False,False,1,False,1,False,0,False,Low,No major unusual behaviour detected
886,2123.3536628680167,Bills,10,Bangalore,1.8789388183117057,False,False,1,False,1,False,0,False,Low,No major unusual behaviour detected
887,1491.964092662982,Entertainment,21,Delhi,0.5781009103381715,False,False,1,False,1,False,0,False,Low,No major unusual behaviour detected
888,1020.3539546064702,Bills,15,Delhi,-0.39354698237142915,False,False,1,False,1,False,0,False,Low,No major unusual behaviour detected
889,1495.3274153461546,Shopping,11,Mumbai,0.5850302893610105,False,False,1,False,1,False,0,False,Low,No major unusual behaviour detected
890,1754.3517902914539,Bills,19,Mumbai,1.1186924559827622,False,False,1,False,1,False,0,False,Low,No major unusual behaviour detected
891,1610.2410905986821,Travel,11,Mumbai,0.8217843821859921,False,False,1,False,1,False,0,False,Low,No major unusual behaviour detected
892,1453.6370155536488,Bills,22,Hyderabad,0.49913648463589877,False,False,1,False,1,False,0,False,Low,No major unusual behaviour detected
893,1733.337344794577,Shopping,20,Mumbai,1.0753968606682813,False,False,1,False,1,False,0,False,Low,No major unusual behaviour detected
894,1784.6477952228365,Shopping,22,Hyderabad,1.1811106420514643,False,False,1,False,1,False,0,False,Low,No major unusual behaviour detected
895,1891.0794955187635,Food,21,Delhi,1.4003895102628285,False,False,1,False,1,False,0,False,Low,No major unusual behaviour detected
896,1524.3549437948213,Entertainment,10,Bangalore,0.644835061505954,False,False,1,False,1,False,0,False,Low,No major unusual behaviour detected
897,1116.4409598415727,Bills,13,Bangalore,-0.19558105963234604,False,False,1,False,1,False,0,False,Low,No major unusual behaviour detected
898,1273.3568432166614,Food,22,Bangalore,0.1277092496947208,False,False,1,False,-1,True,20,False,Low,Transaction differs from nearby spending patterns
899,1803.2544832541785,Entertainment,14,Bangalore,1.2194455881373603,False,False,1,False,1,False,0,False,Low,No major unusual behaviour detected
900,791.532164506382,Bills,23,Hyderabad,-0.8649834342531052,False,False,1,False,1,False,0,False,Low,No major unusual behaviour detected
901,1384.3366544364505,Travel,22,Hyderabad,0.3563584898263992,False,False,1,False,1,False,0,False,Low,No major unusual behaviour detected
902,1003.3305938363196,Bills,16,Mumbai,-0.4286198344676877,False,False,1,False,1,False,0,False,Low,No major unusual behaviour detected
903,1214.3724114674087,Shopping,16,Hyderabad,0.006184935039366361,False,False,1,False,1,False,0,False,Low,No major unusual behaviour detected
904,1839.2259313036493,Shopping,8,Mumbai,1.2935567636074539,False,False,1,False,1,False,0,False,Low,No major unusual behaviour detected
905,1295.5495340099517,Travel,15,Mumbai,0.17343235762390682,False,False,1,False,1,False,0,False,Low,No major unusual behaviour detected
906,1223.2182740780745,Food,23,Bangalore,0.024409869304503253,False,False,1,False,1,False,0,False,Low,No major unusual behaviour detected
907,520.0719295100404,Entertainment,17,Hyderabad,-1.4242669271305255,False,False,1,False,1,False,0,False,Low,No major unusual behaviour detected
908,1573.1267830136103,Bills,16,Hyderabad,0.7453185985982572,False,False,1,False,1,False,0,False,Low,No major unusual behaviour detected
909,1522.7420905705376,Shopping,23,Mumbai,0.6415121358303457,False,False,1,False,1,False,0,False,Low,No major unusual behaviour detected
910,2281.62736165273,Food,10,Mumbai,2.205026604569373,False,False,-1,True,-1,True,40,False,Medium,Isolation Forest detected unusual behaviour; Transaction differs from nearby spending patterns
911,1046.1108825234996,Travel,22,Delhi,-0.34048055585992815,False,False,1,False,1,False,0,False,Low,No major unusual behaviour detected
912,1309.5751638319696,Shopping,21,Delhi,0.20232905122902947,False,False,1,False,1,False,0,False,Low,No major unusual behaviour detected
913,1324.6918418553776,Travel,11,Mumbai,0.23347360721067775,False,False,1,False,1,False,0,False,Low,No major unusual behaviour detected
914,1988.7266398817374,Bills,12,Delhi,1.6015697529954918,False,False,1,False,1,False,0,False,Low,No major unusual behaviour detected
915,1152.352233806524,Entertainment,23,Delhi,-0.12159385949208754,False,False,1,False,1,False,0,False,Low,No major unusual behaviour detected
916,1339.5107628851697,Shopping,7,Mumbai,0.26400470107173074,False,False,1,False,1,False,0,False,Low,No major unusual behaviour detected
917,1503.9482548582696,Shopping,10,Mumbai,0.6027916135340937,False,False,1,False,1,False,0,False,Low,No major unusual behaviour detected
918,1293.3045615781791,Bills,23,Hyderabad,0.1688070907848348,False,False,1,False,1,False,0,False,Low,No major unusual behaviour detected
919,976.7831927247358,Food,15,Mumbai,-0.48331485534507174,False,False,1,False,1,False,0,False,Low,No major unusual behaviour detected
920,1297.0449964491538,Entertainment,8,Mumbai,0.17651342567232736,False,False,1,False,1,False,0,False,Low,No major unusual behaviour detected
921,1736.815874929886,Shopping,14,Bangalore,1.0825635990459344,False,False,1,False,1,False,0,False,Low,No major unusual behaviour detected
922,686.7423502944699,Entertainment,21,Hyderabad,-1.0808795610327933,False,False,1,False,1,False,0,False,Low,No major unusual behaviour detected
923,1266.484837073438,Shopping,13,Hyderabad,0.11355100806898552,False,False,1,False,1,False,0,False,Low,No major unusual behaviour detected
924,849.9395925304134,Entertainment,12,Hyderabad,-0.7446479075572447,False,False,1,False,1,False,0,False,Low,No major unusual behaviour detected
925,1797.5233144624212,Travel,7,Bangalore,1.2076377883682072,False,False,1,False,1,False,0,False,Low,No major unusual behaviour detected
926,438.40654760811265,Shopping,21,Mumbai,-1.5925202996286894,False,False,1,False,1,False,0,False,Low,No major unusual behaviour detected
927,920.5390763642058,Entertainment,13,Hyderabad,-0.5991933590689974,False,False,1,False,1,False,0,False,Low,No major unusual behaviour detected
928,1388.6059375322604,Food,23,Hyderabad,0.36515439896550117,False,False,1,False,1,False,0,False,Low,No major unusual behaviour detected
929,1982.7620146171703,Travel,8,Delhi,1.5892809680406088,False,False,1,False,1,False,0,False,Low,No major unusual behaviour detected
930,1167.124869463506,Travel,15,Hyderabad,-0.09115812635661105,False,False,1,False,1,False,0,False,Low,No major unusual behaviour detected
931,922.4002366534007,Food,15,Mumbai,-0.5953588518625931,False,False,1,False,1,False,0,False,Low,No major unusual behaviour detected
932,2140.578534720295,Entertainment,19,Mumbai,1.9144268392147967,False,False,1,False,1,False,0,False,Low,No major unusual behaviour detected
933,475.993049791878,Bills,12,Delhi,-1.5150816639969757,False,False,1,False,1,False,0,False,Low,No major unusual behaviour detected
934,100.59702168995909,Food,12,Hyderabad,-2.288501762936995,False,False,-1,True,-1,True,40,False,Medium,Isolation Forest detected unusual behaviour; Transaction differs from nearby spending patterns
935,1420.0072250266662,Entertainment,9,Hyderabad,0.42984977414984815,False,False,1,False,1,False,0,False,Low,No major unusual behaviour detected
936,948.9728878236945,Food,23,Hyderabad,-0.540611808850067,False,False,1,False,1,False,0,False,Low,No major unusual behaviour detected
937,689.3835914346434,Food,23,Bangalore,-1.0754378705751553,False,False,1,False,1,False,0,False,Low,No major unusual behaviour detected
938,1554.1782236496767,Shopping,18,Hyderabad,0.7062793025989786,False,False,1,False,1,False,0,False,Low,No major unusual behaviour detected
939,1321.9003568855994,Entertainment,22,Mumbai,0.2277223727279058,False,False,1,False,1,False,0,False,Low,No major unusual behaviour detected
940,917.9606846316358,Bills,21,Mumbai,-0.604505562288071,False,False,1,False,1,False,0,False,Low,No major unusual behaviour detected
941,559.8478006645528,Shopping,19,Bangalore,-1.3423175832355063,False,False,1,False,1,False,0,False,Low,No major unusual behaviour detected
942,1636.2286641400724,Food,7,Bangalore,0.8753260027545938,False,False,1,False,1,False,0,False,Low,No major unusual behaviour detected
943,1525.1005889793305,Food,23,Hyderabad,0.6463712977183965,False,False,1,False,1,False,0,False,Low,No major unusual behaviour detected
944,1150.4120681103086,Food,9,Delhi,-0.12559113978382141,False,False,1,False,1,False,0,False,Low,No major unusual behaviour detected
945,2123.318498023833,Entertainment,21,Bangalore,1.8788663689642648,False,False,1,False,1,False,0,False,Low,No major unusual behaviour detected
946,664.9576168369238,Entertainment,10,Bangalore,-1.1257621635241093,False,False,1,False,1,False,0,False,Low,No major unusual behaviour detected
947,437.23741453763057,Shopping,10,Hyderabad,-1.594929038526696,False,False,1,False,1,False,0,False,Low,No major unusual behaviour detected
948,854.0459650593777,Bills,23,Hyderabad,-0.7361876394406787,False,False,1,False,1,False,0,False,Low,No major unusual behaviour detected
949,1177.206991822251,Shopping,17,Bangalore,-0.07038615359053567,False,False,1,False,1,False,0,False,Low,No major unusual behaviour detected
950,1321.669724661346,Travel,9,Delhi,0.22724720627874873,False,False,1,False,1,False,0,False,Low,No major unusual behaviour detected
951,1079.381971071835,Food,14,Bangalore,-0.2719328710935101,False,False,1,False,1,False,0,False,Low,No major unusual behaviour detected
952,1376.0276982571484,Food,20,Hyderabad,0.33923973195680485,False,False,1,False,1,False,0,False,Low,No major unusual behaviour detected
953,574.2302879047779,Food,7,Hyderabad,-1.3126856642176565,False,False,1,False,1,False,0,False,Low,No major unusual behaviour detected
954,1921.8823020366299,Shopping,20,Bangalore,1.463851848383813,False,False,1,False,1,False,0,False,Low,No major unusual behaviour detected
955,1158.9244108037155,Shopping,8,Delhi,-0.10805334919654672,False,False,1,False,1,False,0,False,Low,No major unusual behaviour detected
956,1758.647915794064,Food,10,Bangalore,1.1275436679364095,False,False,1,False,1,False,0,False,Low,No major unusual behaviour detected
957,1371.362673188852,Shopping,12,Bangalore,0.3296284844214426,False,False,1,False,1,False,0,False,Low,No major unusual behaviour detected
958,1428.376609576892,Entertainment,7,Hyderabad,0.4470930312499079,False,False,1,False,1,False,0,False,Low,No major unusual behaviour detected
959,1484.883640116102,Entertainment,23,Delhi,0.5635132112166952,False,False,1,False,1,False,0,False,Low,No major unusual behaviour detected
960,1423.8542800086575,Shopping,14,Mumbai,0.4377757760839751,False,False,1,False,1,False,0,False,Low,No major unusual behaviour detected
961,1521.361379933772,Food,7,Delhi,0.6386674883717827,False,False,1,False,1,False,0,False,Low,No major unusual behaviour detected
962,1864.5762650662157,Shopping,11,Bangalore,1.3457854932132012,False,False,1,False,1,False,0,False,Low,No major unusual behaviour detected
963,1298.260584850735,Shopping,22,Bangalore,0.17901787545719847,False,False,1,False,1,False,0,False,Low,No major unusual behaviour detected
964,1554.501878794256,Shopping,12,Bangalore,0.7069461221047915,False,False,1,False,1,False,0,False,Low,No major unusual behaviour detected
965,1155.1321528563867,Travel,14,Delhi,-0.11586645401723182,False,False,1,False,1,False,0,False,Low,No major unusual behaviour detected
966,1920.0586077247362,Entertainment,19,Hyderabad,1.460094531498302,False,False,1,False,1,False,0,False,Low,No major unusual behaviour detected
967,861.8038489703652,Bills,22,Bangalore,-0.7202042435258662,False,False,1,False,1,False,0,False,Low,No major unusual behaviour detected
968,2100.470216455408,Bills,9,Bangalore,1.8317925619221107,False,False,1,False,1,False,0,False,Low,No major unusual behaviour detected
969,1179.9210246778282,Travel,18,Delhi,-0.06479449197839657,False,False,1,False,1,False,0,False,Low,No major unusual behaviour detected
970,484.6124489409759,Shopping,22,Mumbai,-1.4973233073718255,False,False,1,False,1,False,0,False,Low,No major unusual behaviour detected
971,1264.0522074553946,Travel,17,Mumbai,0.10853911529701209,False,False,1,False,1,False,0,False,Low,No major unusual behaviour detected
972,859.4741712625596,Travel,16,Hyderabad,-0.7250040267637968,False,False,1,False,1,False,0,False,Low,No major unusual behaviour detected
973,1620.321774494362,Food,10,Hyderabad,0.8425533913185635,False,False,1,False,1,False,0,False,Low,No major unusual behaviour detected
974,873.6880103488045,Entertainment,18,Bangalore,-0.6957195697918216,False,False,1,False,1,False,0,False,Low,No major unusual behaviour detected
975,976.9082833926102,Bills,8,Delhi,-0.4830571338203848,False,False,1,False,1,False,0,False,Low,No major unusual behaviour detected
976,255.22963452723445,Shopping,11,Bangalore,-1.9699156251862535,False,False,1,False,1,False,0,False,Low,No major unusual behaviour detected
977,973.8468403754616,Bills,14,Hyderabad,-0.48936455687223296,False,False,1,False,1,False,0,False,Low,No major unusual behaviour detected
978,11.939663314478366,Bills,13,Delhi,-2.4711605492678634,False,False,-1,True,-1,True,40,False,Medium,Isolation Forest detected unusual behaviour; Transaction differs from nearby spending patterns
979,408.04858825713836,Entertainment,20,Delhi,-1.6550661290120334,False,False,1,False,1,False,0,False,Low,No major unusual behaviour detected
980,1580.2073280721488,Bills,9,Hyderabad,0.7599064883194488,False,False,1,False,1,False,0,False,Low,No major unusual behaviour detected
981,1592.900079325416,Bills,22,Mumbai,0.7860570818133623,False,False,1,False,1,False,0,False,Low,No major unusual behaviour detected
982,1412.7287808924823,Travel,22,Mumbai,0.41485415735855485,False,False,1,False,1,False,0,False,Low,No major unusual behaviour detected
983,716.5119284353934,Entertainment,14,Delhi,-1.019545960388237,False,False,1,False,1,False,0,False,Low,No major unusual behaviour detected
984,1176.1443219290102,Food,7,Bangalore,-0.07257554876907961,False,False,1,False,1,False,0,False,Low,No major unusual behaviour detected
985,1198.1987304547158,Shopping,23,Mumbai,-0.027137340724470653,False,False,1,False,1,False,0,False,Low,No major unusual behaviour detected
986,620.8176554037286,Bills,18,Bangalore,-1.2167027456913821,False,False,1,False,1,False,0,False,Low,No major unusual behaviour detected
987,1951.6991508835754,Shopping,17,Mumbai,1.5252828398140772,False,False,1,False,1,False,0,False,Low,No major unusual behaviour detected
988,1638.6811452878358,Food,11,Mumbai,0.8803787951923356,False,False,1,False,1,False,0,False,Low,No major unusual behaviour detected
989,1089.517913085168,Shopping,18,Bangalore,-0.25105001488845236,False,False,1,False,1,False,0,False,Low,No major unusual behaviour detected
990,1213.4429194972654,Food,23,Hyderabad,0.004269923377823096,False,False,1,False,1,False,0,False,Low,No major unusual behaviour detected
991,1304.1914039737762,Travel,12,Mumbai,0.1912370103695489,False,False,1,False,1,False,0,False,Low,No major unusual behaviour detected
992,179.13256578785467,Bills,7,Mumbai,-2.1266967257510085,False,False,-1,True,1,False,20,False,Low,Isolation Forest detected unusual behaviour
993,1076.4113087397016,Food,11,Bangalore,-0.2780532607163122,False,False,1,False,1,False,0,False,Low,No major unusual behaviour detected
994,859.0078760011007,Shopping,20,Hyderabad,-0.7259647245342987,False,False,1,False,1,False,0,False,Low,No major unusual behaviour detected
995,699.1899950525423,Bills,11,Mumbai,-1.0552339550069758,False,False,1,False,1,False,0,False,Low,No major unusual behaviour detected
996,1059.4498535570226,Travel,7,Mumbai,-0.31299857010566107,False,False,1,False,1,False,0,False,Low,No major unusual behaviour detected
997,2098.843263424761,Bills,22,Hyderabad,1.8284405867286175,False,False,1,False,1,False,0,False,Low,No major unusual behaviour detected
998,1520.421430633505,Food,15,Mumbai,0.6367309317052487,False,False,1,False,1,False,0,False,Low,No major unusual behaviour detected
999,914.4105051086017,Travel,11,Hyderabad,-0.6118199183078805,False,False,1,False,1,False,0,False,Low,No major unusual behaviour detected
1000,1486.2913906780793,Shopping,8,Hyderabad,0.5664135684325999,False,False,1,False,1,False,0,False,Low,No major unusual behaviour detected
